{
  "variants": {
    "facing=east,lit=false": {
      "model": "wiredredstone:block/redstone_assembler",
      "y": 90
    },
    "facing=east,lit=true": {
      "model": "wiredredstone:block/redstone_assembler_on",
      "y": 90
    },
    "facing=north,lit=false": {
      "model": "wiredredstone:block/redstone_assembler"
    },
    "facing=north,lit=true": {
      "model": "wiredredstone:block/redstone_assembler_on"
    },
    "facing=south,lit=false": {
      "model": "wiredredstone:block/redstone_assembler",
      "y": 180
    },
    "facing=south,lit=true": {
      "model": "wiredredstone:block/redstone_assembler_on",
      "y": 180
    },
    "facing=west,lit=false": {
      "model": "wiredredstone:block/redstone_assembler",
      "y": 270
    },
    "facing=west,lit=true": {
      "model": "wiredredstone:block/redstone_assembler_on",
      "y": 270
    }
  }
}
