{
    "providers": [
        {
            "type": "bitmap",
            "file": "minecraft:font/discord.png",
            "height": 9,
            "ascent": 8,
            "chars": ["\uF030"]
        },
        {
            "type": "bitmap",
            "file": "minecraft:font/user.png",
            "height": 9,
            "ascent": 8,
            "chars": ["\uF031"]
        },
        {
            "type": "bitmap",
            "file": "minecraft:font/vip.png",
            "height": 9,
            "ascent": 8,
            "chars": ["\uF032"]
        },
        {
            "type": "bitmap",
            "file": "minecraft:font/mod.png",
            "height": 9,
            "ascent": 8,
            "chars": ["\uF033"]
        },
        {
            "type": "bitmap",
            "file": "minecraft:font/dev.png",
            "height": 9,
            "ascent": 8,
            "chars": ["\uF034"]
        },
        {
            "type": "bitmap",
            "file": "minecraft:font/admin.png",
            "height": 9,
            "ascent": 8,
            "chars": ["\uF035"]
        }
    ]
}
