{
  "type": "reterraforged:bias",
  "bias": -0.02,
  "source": {
    "type": "reterraforged:scale",
    "scale": 0.14700001,
    "source": {
      "type": "reterraforged:warp",
      "domain": {
        "type": "reterraforged:domain_warp",
        "distance": 256.0,
        "x": {
          "type": "reterraforged:shift",
          "amount": 9,
          "source": {
            "type": "reterraforged:perlin",
            "frequency": 0.00390625
          }
        },
        "y": {
          "type": "reterraforged:shift",
          "amount": 10,
          "source": {
            "type": "reterraforged:perlin",
            "frequency": 0.00390625
          }
        }
      },
      "source": {
        "type": "reterraforged:warp",
        "domain": {
          "type": "reterraforged:domain_warp",
          "distance": 62.5,
          "x": {
            "type": "reterraforged:shift",
            "amount": 6,
            "source": {
              "type": "reterraforged:perlin",
              "frequency": 0.016129032,
              "lacunarity": 3.5,
              "octaves": 3
            }
          },
          "y": {
            "type": "reterraforged:shift",
            "amount": 7,
            "source": {
              "type": "reterraforged:perlin",
              "frequency": 0.016129032,
              "lacunarity": 3.5,
              "octaves": 3
            }
          }
        },
        "source": {
          "type": "reterraforged:mul",
          "modules": [
            {
              "type": "reterraforged:shift",
              "amount": 8,
              "source": {
                "type": "reterraforged:perlin",
                "frequency": 0.004
              }
            },
            {
              "type": "reterraforged:alpha",
              "alpha": 0.45,
              "source": {
                "type": "reterraforged:shift",
                "amount": 5,
                "source": {
                  "type": "reterraforged:perlin",
                  "frequency": 0.002,
                  "lacunarity": 3.75,
                  "octaves": 3
                }
              }
            }
          ]
        }
      }
    }
  }
}