{
  "type": "reterraforged:warp",
  "domain": {
    "type": "reterraforged:domain_warp",
    "distance": 300.0,
    "x": {
      "type": "reterraforged:shift",
      "amount": 2,
      "source": {
        "type": "reterraforged:perlin",
        "frequency": 0.0033333334,
        "octaves": 2
      }
    },
    "y": {
      "type": "reterraforged:shift",
      "amount": 3,
      "source": {
        "type": "reterraforged:perlin",
        "frequency": 0.0033333334,
        "octaves": 2
      }
    }
  },
  "source": {
    "type": "reterraforged:shift",
    "amount": 1,
    "source": {
      "type": "reterraforged:perlin",
      "frequency": 0.0016666667
    }
  }
}