{
  "type": "reterraforged:multi_improved_continent",
  "base_seed": 21345,
  "bay": {
    "type": "reterraforged:freq",
    "source": {
      "type": "reterraforged:bias",
      "bias": 0.9,
      "source": {
        "type": "reterraforged:scale",
        "scale": 0.1,
        "source": {
          "type": "reterraforged:shift",
          "amount": 21351,
          "source": {
            "type": "reterraforged:simplex",
            "frequency": 0.01
          }
        }
      }
    },
    "x": 12000.0,
    "y": 12000.0
  },
  "cliff": {
    "type": "reterraforged:freq",
    "source": {
      "type": "reterraforged:map",
      "max": 1.0,
      "min": 0.0,
      "source": {
        "type": "reterraforged:clamp",
        "max": 0.25,
        "min": 0.1,
        "source": {
          "type": "reterraforged:shift",
          "amount": 21350,
          "source": {
            "type": "reterraforged:simplex2",
            "frequency": 6.6666666E-4,
            "octaves": 2
          }
        }
      }
    },
    "x": 12000.0,
    "y": 12000.0
  },
  "frequency": 8.333333E-5,
  "inland_point": 0.502,
  "jitter": 0.7,
  "shallow_ocean_point": 0.25,
  "skip_threshold": 0.25,
  "skipping_seed": 21346,
  "variance": 0.25,
  "variance_seed": 21347,
  "warp": {
    "type": "reterraforged:domain_warp",
    "distance": 3960.0,
    "x": {
      "type": "reterraforged:shift",
      "amount": 21348,
      "source": {
        "type": "reterraforged:perlin2",
        "frequency": 3.7037037E-4,
        "gain": 0.26,
        "lacunarity": 4.33,
        "octaves": 5
      }
    },
    "y": {
      "type": "reterraforged:shift",
      "amount": 21349,
      "source": {
        "type": "reterraforged:perlin2",
        "frequency": 3.7037037E-4,
        "gain": 0.26,
        "lacunarity": 4.33,
        "octaves": 5
      }
    }
  }
}