{
  "type": "reterraforged:continent_lerper",
  "coast": "reterraforged:terrain/coast/height",
  "coast_point": 0.448,
  "continent_edge": "reterraforged:terrain/continent",
  "deep_ocean": "reterraforged:terrain/deep_ocean/height",
  "deep_ocean_point": 0.1,
  "inland_point": 0.502,
  "interpolation": "linear",
  "land": {
    "type": "reterraforged:region_lerper",
    "border": "reterraforged:terrain/terrain_border",
    "lower": {
      "type": "reterraforged:add",
      "modules": [
        "reterraforged:terrain/ground",
        "reterraforged:terrain/border/variance"
      ]
    },
    "upper": {
      "type": "reterraforged:region_selector",
      "regions": [
        {
          "noise": {
            "type": "reterraforged:add",
            "modules": [
              "reterraforged:terrain/ground",
              "reterraforged:terrain/steppe/variance"
            ]
          },
          "weight": 1.0
        },
        {
          "noise": {
            "type": "reterraforged:add",
            "modules": [
              "reterraforged:terrain/ground",
              "reterraforged:terrain/plains/variance"
            ]
          },
          "weight": 2.0199845
        },
        {
          "noise": {
            "type": "reterraforged:add",
            "modules": [
              "reterraforged:terrain/ground",
              "reterraforged:terrain/plains/variance"
            ]
          },
          "weight": 2.0199845
        },
        {
          "noise": {
            "type": "reterraforged:add",
            "modules": [
              "reterraforged:terrain/ground",
              "reterraforged:terrain/plateau/variance"
            ]
          },
          "weight": 1.5
        },
        {
          "noise": {
            "type": "reterraforged:add",
            "modules": [
              "reterraforged:terrain/ground",
              "reterraforged:terrain/plateau/variance"
            ]
          },
          "weight": 1.5
        },
        {
          "noise": {
            "type": "reterraforged:add",
            "modules": [
              "reterraforged:terrain/ground",
              "reterraforged:terrain/hills_1/variance"
            ]
          },
          "weight": 2.504128
        },
        {
          "noise": {
            "type": "reterraforged:add",
            "modules": [
              "reterraforged:terrain/ground",
              "reterraforged:terrain/hills_1/variance"
            ]
          },
          "weight": 2.504128
        },
        {
          "noise": {
            "type": "reterraforged:add",
            "modules": [
              "reterraforged:terrain/ground",
              "reterraforged:terrain/hills_1/variance"
            ]
          },
          "weight": 2.504128
        },
        {
          "noise": {
            "type": "reterraforged:add",
            "modules": [
              "reterraforged:terrain/ground",
              "reterraforged:terrain/hills_2/variance"
            ]
          },
          "weight": 2.504128
        },
        {
          "noise": {
            "type": "reterraforged:add",
            "modules": [
              "reterraforged:terrain/ground",
              "reterraforged:terrain/hills_2/variance"
            ]
          },
          "weight": 2.504128
        },
        {
          "noise": {
            "type": "reterraforged:add",
            "modules": [
              "reterraforged:terrain/ground",
              "reterraforged:terrain/hills_2/variance"
            ]
          },
          "weight": 2.504128
        },
        {
          "noise": {
            "type": "reterraforged:add",
            "modules": [
              "reterraforged:terrain/ground",
              "reterraforged:terrain/dales/variance"
            ]
          },
          "weight": 1.5
        },
        {
          "noise": {
            "type": "reterraforged:add",
            "modules": [
              "reterraforged:terrain/ground",
              "reterraforged:terrain/dales/variance"
            ]
          },
          "weight": 1.5
        },
        {
          "noise": {
            "type": "reterraforged:add",
            "modules": [
              "reterraforged:terrain/ground",
              "reterraforged:terrain/torridonian/variance"
            ]
          },
          "weight": 2.0
        },
        {
          "noise": {
            "type": "reterraforged:add",
            "modules": [
              "reterraforged:terrain/ground",
              "reterraforged:terrain/torridonian/variance"
            ]
          },
          "weight": 2.0
        },
        {
          "noise": {
            "type": "reterraforged:add",
            "modules": [
              "reterraforged:terrain/ground",
              "reterraforged:terrain/badlands/variance"
            ]
          },
          "weight": 1.0
        },
        {
          "noise": {
            "type": "reterraforged:add",
            "modules": [
              "reterraforged:terrain/ground",
              {
                "type": "reterraforged:blend",
                "blendRange": 0.25,
                "control": "reterraforged:terrain/blender",
                "source0": "reterraforged:terrain/steppe/variance",
                "source1": "reterraforged:terrain/plains/variance"
              }
            ]
          },
          "weight": 1.5099922
        },
        {
          "noise": {
            "type": "reterraforged:add",
            "modules": [
              "reterraforged:terrain/ground",
              {
                "type": "reterraforged:blend",
                "blendRange": 0.25,
                "control": "reterraforged:terrain/blender",
                "source0": "reterraforged:terrain/steppe/variance",
                "source1": "reterraforged:terrain/plains/variance"
              }
            ]
          },
          "weight": 1.5099922
        },
        {
          "noise": {
            "type": "reterraforged:add",
            "modules": [
              "reterraforged:terrain/ground",
              {
                "type": "reterraforged:blend",
                "blendRange": 0.25,
                "control": "reterraforged:terrain/blender",
                "source0": "reterraforged:terrain/steppe/variance",
                "source1": "reterraforged:terrain/plateau/variance"
              }
            ]
          },
          "weight": 1.25
        },
        {
          "noise": {
            "type": "reterraforged:add",
            "modules": [
              "reterraforged:terrain/ground",
              {
                "type": "reterraforged:blend",
                "blendRange": 0.25,
                "control": "reterraforged:terrain/blender",
                "source0": "reterraforged:terrain/steppe/variance",
                "source1": "reterraforged:terrain/hills_1/variance"
              }
            ]
          },
          "weight": 1.752064
        },
        {
          "noise": {
            "type": "reterraforged:add",
            "modules": [
              "reterraforged:terrain/ground",
              {
                "type": "reterraforged:blend",
                "blendRange": 0.25,
                "control": "reterraforged:terrain/blender",
                "source0": "reterraforged:terrain/steppe/variance",
                "source1": "reterraforged:terrain/hills_1/variance"
              }
            ]
          },
          "weight": 1.752064
        },
        {
          "noise": {
            "type": "reterraforged:add",
            "modules": [
              "reterraforged:terrain/ground",
              {
                "type": "reterraforged:blend",
                "blendRange": 0.25,
                "control": "reterraforged:terrain/blender",
                "source0": "reterraforged:terrain/steppe/variance",
                "source1": "reterraforged:terrain/hills_2/variance"
              }
            ]
          },
          "weight": 1.752064
        },
        {
          "noise": {
            "type": "reterraforged:add",
            "modules": [
              "reterraforged:terrain/ground",
              {
                "type": "reterraforged:blend",
                "blendRange": 0.25,
                "control": "reterraforged:terrain/blender",
                "source0": "reterraforged:terrain/steppe/variance",
                "source1": "reterraforged:terrain/hills_2/variance"
              }
            ]
          },
          "weight": 1.752064
        },
        {
          "noise": {
            "type": "reterraforged:add",
            "modules": [
              "reterraforged:terrain/ground",
              {
                "type": "reterraforged:blend",
                "blendRange": 0.25,
                "control": "reterraforged:terrain/blender",
                "source0": "reterraforged:terrain/steppe/variance",
                "source1": "reterraforged:terrain/dales/variance"
              }
            ]
          },
          "weight": 1.25
        },
        {
          "noise": {
            "type": "reterraforged:add",
            "modules": [
              "reterraforged:terrain/ground",
              {
                "type": "reterraforged:blend",
                "blendRange": 0.25,
                "control": "reterraforged:terrain/blender",
                "source0": "reterraforged:terrain/steppe/variance",
                "source1": "reterraforged:terrain/torridonian/variance"
              }
            ]
          },
          "weight": 1.5
        },
        {
          "noise": {
            "type": "reterraforged:add",
            "modules": [
              "reterraforged:terrain/ground",
              {
                "type": "reterraforged:blend",
                "blendRange": 0.25,
                "control": "reterraforged:terrain/blender",
                "source0": "reterraforged:terrain/steppe/variance",
                "source1": "reterraforged:terrain/torridonian/variance"
              }
            ]
          },
          "weight": 1.5
        },
        {
          "noise": {
            "type": "reterraforged:add",
            "modules": [
              "reterraforged:terrain/ground",
              {
                "type": "reterraforged:blend",
                "blendRange": 0.25,
                "control": "reterraforged:terrain/blender",
                "source0": "reterraforged:terrain/steppe/variance",
                "source1": "reterraforged:terrain/badlands/variance"
              }
            ]
          },
          "weight": 1.0
        },
        {
          "noise": {
            "type": "reterraforged:add",
            "modules": [
              "reterraforged:terrain/ground",
              {
                "type": "reterraforged:blend",
                "blendRange": 0.25,
                "control": "reterraforged:terrain/blender",
                "source0": "reterraforged:terrain/plains/variance",
                "source1": "reterraforged:terrain/plateau/variance"
              }
            ]
          },
          "weight": 1.7599922
        },
        {
          "noise": {
            "type": "reterraforged:add",
            "modules": [
              "reterraforged:terrain/ground",
              {
                "type": "reterraforged:blend",
                "blendRange": 0.25,
                "control": "reterraforged:terrain/blender",
                "source0": "reterraforged:terrain/plains/variance",
                "source1": "reterraforged:terrain/plateau/variance"
              }
            ]
          },
          "weight": 1.7599922
        },
        {
          "noise": {
            "type": "reterraforged:add",
            "modules": [
              "reterraforged:terrain/ground",
              {
                "type": "reterraforged:blend",
                "blendRange": 0.25,
                "control": "reterraforged:terrain/blender",
                "source0": "reterraforged:terrain/plains/variance",
                "source1": "reterraforged:terrain/hills_1/variance"
              }
            ]
          },
          "weight": 2.2620564
        },
        {
          "noise": {
            "type": "reterraforged:add",
            "modules": [
              "reterraforged:terrain/ground",
              {
                "type": "reterraforged:blend",
                "blendRange": 0.25,
                "control": "reterraforged:terrain/blender",
                "source0": "reterraforged:terrain/plains/variance",
                "source1": "reterraforged:terrain/hills_1/variance"
              }
            ]
          },
          "weight": 2.2620564
        },
        {
          "noise": {
            "type": "reterraforged:add",
            "modules": [
              "reterraforged:terrain/ground",
              {
                "type": "reterraforged:blend",
                "blendRange": 0.25,
                "control": "reterraforged:terrain/blender",
                "source0": "reterraforged:terrain/plains/variance",
                "source1": "reterraforged:terrain/hills_2/variance"
              }
            ]
          },
          "weight": 2.2620564
        },
        {
          "noise": {
            "type": "reterraforged:add",
            "modules": [
              "reterraforged:terrain/ground",
              {
                "type": "reterraforged:blend",
                "blendRange": 0.25,
                "control": "reterraforged:terrain/blender",
                "source0": "reterraforged:terrain/plains/variance",
                "source1": "reterraforged:terrain/hills_2/variance"
              }
            ]
          },
          "weight": 2.2620564
        },
        {
          "noise": {
            "type": "reterraforged:add",
            "modules": [
              "reterraforged:terrain/ground",
              {
                "type": "reterraforged:blend",
                "blendRange": 0.25,
                "control": "reterraforged:terrain/blender",
                "source0": "reterraforged:terrain/plains/variance",
                "source1": "reterraforged:terrain/dales/variance"
              }
            ]
          },
          "weight": 1.7599922
        },
        {
          "noise": {
            "type": "reterraforged:add",
            "modules": [
              "reterraforged:terrain/ground",
              {
                "type": "reterraforged:blend",
                "blendRange": 0.25,
                "control": "reterraforged:terrain/blender",
                "source0": "reterraforged:terrain/plains/variance",
                "source1": "reterraforged:terrain/dales/variance"
              }
            ]
          },
          "weight": 1.7599922
        },
        {
          "noise": {
            "type": "reterraforged:add",
            "modules": [
              "reterraforged:terrain/ground",
              {
                "type": "reterraforged:blend",
                "blendRange": 0.25,
                "control": "reterraforged:terrain/blender",
                "source0": "reterraforged:terrain/plains/variance",
                "source1": "reterraforged:terrain/torridonian/variance"
              }
            ]
          },
          "weight": 2.0099921
        },
        {
          "noise": {
            "type": "reterraforged:add",
            "modules": [
              "reterraforged:terrain/ground",
              {
                "type": "reterraforged:blend",
                "blendRange": 0.25,
                "control": "reterraforged:terrain/blender",
                "source0": "reterraforged:terrain/plains/variance",
                "source1": "reterraforged:terrain/torridonian/variance"
              }
            ]
          },
          "weight": 2.0099921
        },
        {
          "noise": {
            "type": "reterraforged:add",
            "modules": [
              "reterraforged:terrain/ground",
              {
                "type": "reterraforged:blend",
                "blendRange": 0.25,
                "control": "reterraforged:terrain/blender",
                "source0": "reterraforged:terrain/plains/variance",
                "source1": "reterraforged:terrain/badlands/variance"
              }
            ]
          },
          "weight": 1.5099922
        },
        {
          "noise": {
            "type": "reterraforged:add",
            "modules": [
              "reterraforged:terrain/ground",
              {
                "type": "reterraforged:blend",
                "blendRange": 0.25,
                "control": "reterraforged:terrain/blender",
                "source0": "reterraforged:terrain/plains/variance",
                "source1": "reterraforged:terrain/badlands/variance"
              }
            ]
          },
          "weight": 1.5099922
        },
        {
          "noise": {
            "type": "reterraforged:add",
            "modules": [
              "reterraforged:terrain/ground",
              {
                "type": "reterraforged:blend",
                "blendRange": 0.25,
                "control": "reterraforged:terrain/blender",
                "source0": "reterraforged:terrain/plateau/variance",
                "source1": "reterraforged:terrain/hills_1/variance"
              }
            ]
          },
          "weight": 2.002064
        },
        {
          "noise": {
            "type": "reterraforged:add",
            "modules": [
              "reterraforged:terrain/ground",
              {
                "type": "reterraforged:blend",
                "blendRange": 0.25,
                "control": "reterraforged:terrain/blender",
                "source0": "reterraforged:terrain/plateau/variance",
                "source1": "reterraforged:terrain/hills_1/variance"
              }
            ]
          },
          "weight": 2.002064
        },
        {
          "noise": {
            "type": "reterraforged:add",
            "modules": [
              "reterraforged:terrain/ground",
              {
                "type": "reterraforged:blend",
                "blendRange": 0.25,
                "control": "reterraforged:terrain/blender",
                "source0": "reterraforged:terrain/plateau/variance",
                "source1": "reterraforged:terrain/hills_2/variance"
              }
            ]
          },
          "weight": 2.002064
        },
        {
          "noise": {
            "type": "reterraforged:add",
            "modules": [
              "reterraforged:terrain/ground",
              {
                "type": "reterraforged:blend",
                "blendRange": 0.25,
                "control": "reterraforged:terrain/blender",
                "source0": "reterraforged:terrain/plateau/variance",
                "source1": "reterraforged:terrain/hills_2/variance"
              }
            ]
          },
          "weight": 2.002064
        },
        {
          "noise": {
            "type": "reterraforged:add",
            "modules": [
              "reterraforged:terrain/ground",
              {
                "type": "reterraforged:blend",
                "blendRange": 0.25,
                "control": "reterraforged:terrain/blender",
                "source0": "reterraforged:terrain/plateau/variance",
                "source1": "reterraforged:terrain/dales/variance"
              }
            ]
          },
          "weight": 1.5
        },
        {
          "noise": {
            "type": "reterraforged:add",
            "modules": [
              "reterraforged:terrain/ground",
              {
                "type": "reterraforged:blend",
                "blendRange": 0.25,
                "control": "reterraforged:terrain/blender",
                "source0": "reterraforged:terrain/plateau/variance",
                "source1": "reterraforged:terrain/dales/variance"
              }
            ]
          },
          "weight": 1.5
        },
        {
          "noise": {
            "type": "reterraforged:add",
            "modules": [
              "reterraforged:terrain/ground",
              {
                "type": "reterraforged:blend",
                "blendRange": 0.25,
                "control": "reterraforged:terrain/blender",
                "source0": "reterraforged:terrain/plateau/variance",
                "source1": "reterraforged:terrain/torridonian/variance"
              }
            ]
          },
          "weight": 1.75
        },
        {
          "noise": {
            "type": "reterraforged:add",
            "modules": [
              "reterraforged:terrain/ground",
              {
                "type": "reterraforged:blend",
                "blendRange": 0.25,
                "control": "reterraforged:terrain/blender",
                "source0": "reterraforged:terrain/plateau/variance",
                "source1": "reterraforged:terrain/torridonian/variance"
              }
            ]
          },
          "weight": 1.75
        },
        {
          "noise": {
            "type": "reterraforged:add",
            "modules": [
              "reterraforged:terrain/ground",
              {
                "type": "reterraforged:blend",
                "blendRange": 0.25,
                "control": "reterraforged:terrain/blender",
                "source0": "reterraforged:terrain/plateau/variance",
                "source1": "reterraforged:terrain/badlands/variance"
              }
            ]
          },
          "weight": 1.25
        },
        {
          "noise": {
            "type": "reterraforged:add",
            "modules": [
              "reterraforged:terrain/ground",
              {
                "type": "reterraforged:blend",
                "blendRange": 0.25,
                "control": "reterraforged:terrain/blender",
                "source0": "reterraforged:terrain/hills_1/variance",
                "source1": "reterraforged:terrain/hills_2/variance"
              }
            ]
          },
          "weight": 2.504128
        },
        {
          "noise": {
            "type": "reterraforged:add",
            "modules": [
              "reterraforged:terrain/ground",
              {
                "type": "reterraforged:blend",
                "blendRange": 0.25,
                "control": "reterraforged:terrain/blender",
                "source0": "reterraforged:terrain/hills_1/variance",
                "source1": "reterraforged:terrain/hills_2/variance"
              }
            ]
          },
          "weight": 2.504128
        },
        {
          "noise": {
            "type": "reterraforged:add",
            "modules": [
              "reterraforged:terrain/ground",
              {
                "type": "reterraforged:blend",
                "blendRange": 0.25,
                "control": "reterraforged:terrain/blender",
                "source0": "reterraforged:terrain/hills_1/variance",
                "source1": "reterraforged:terrain/hills_2/variance"
              }
            ]
          },
          "weight": 2.504128
        },
        {
          "noise": {
            "type": "reterraforged:add",
            "modules": [
              "reterraforged:terrain/ground",
              {
                "type": "reterraforged:blend",
                "blendRange": 0.25,
                "control": "reterraforged:terrain/blender",
                "source0": "reterraforged:terrain/hills_1/variance",
                "source1": "reterraforged:terrain/dales/variance"
              }
            ]
          },
          "weight": 2.002064
        },
        {
          "noise": {
            "type": "reterraforged:add",
            "modules": [
              "reterraforged:terrain/ground",
              {
                "type": "reterraforged:blend",
                "blendRange": 0.25,
                "control": "reterraforged:terrain/blender",
                "source0": "reterraforged:terrain/hills_1/variance",
                "source1": "reterraforged:terrain/dales/variance"
              }
            ]
          },
          "weight": 2.002064
        },
        {
          "noise": {
            "type": "reterraforged:add",
            "modules": [
              "reterraforged:terrain/ground",
              {
                "type": "reterraforged:blend",
                "blendRange": 0.25,
                "control": "reterraforged:terrain/blender",
                "source0": "reterraforged:terrain/hills_1/variance",
                "source1": "reterraforged:terrain/torridonian/variance"
              }
            ]
          },
          "weight": 2.252064
        },
        {
          "noise": {
            "type": "reterraforged:add",
            "modules": [
              "reterraforged:terrain/ground",
              {
                "type": "reterraforged:blend",
                "blendRange": 0.25,
                "control": "reterraforged:terrain/blender",
                "source0": "reterraforged:terrain/hills_1/variance",
                "source1": "reterraforged:terrain/torridonian/variance"
              }
            ]
          },
          "weight": 2.252064
        },
        {
          "noise": {
            "type": "reterraforged:add",
            "modules": [
              "reterraforged:terrain/ground",
              {
                "type": "reterraforged:blend",
                "blendRange": 0.25,
                "control": "reterraforged:terrain/blender",
                "source0": "reterraforged:terrain/hills_1/variance",
                "source1": "reterraforged:terrain/badlands/variance"
              }
            ]
          },
          "weight": 1.752064
        },
        {
          "noise": {
            "type": "reterraforged:add",
            "modules": [
              "reterraforged:terrain/ground",
              {
                "type": "reterraforged:blend",
                "blendRange": 0.25,
                "control": "reterraforged:terrain/blender",
                "source0": "reterraforged:terrain/hills_1/variance",
                "source1": "reterraforged:terrain/badlands/variance"
              }
            ]
          },
          "weight": 1.752064
        },
        {
          "noise": {
            "type": "reterraforged:add",
            "modules": [
              "reterraforged:terrain/ground",
              {
                "type": "reterraforged:blend",
                "blendRange": 0.25,
                "control": "reterraforged:terrain/blender",
                "source0": "reterraforged:terrain/hills_2/variance",
                "source1": "reterraforged:terrain/dales/variance"
              }
            ]
          },
          "weight": 2.002064
        },
        {
          "noise": {
            "type": "reterraforged:add",
            "modules": [
              "reterraforged:terrain/ground",
              {
                "type": "reterraforged:blend",
                "blendRange": 0.25,
                "control": "reterraforged:terrain/blender",
                "source0": "reterraforged:terrain/hills_2/variance",
                "source1": "reterraforged:terrain/dales/variance"
              }
            ]
          },
          "weight": 2.002064
        },
        {
          "noise": {
            "type": "reterraforged:add",
            "modules": [
              "reterraforged:terrain/ground",
              {
                "type": "reterraforged:blend",
                "blendRange": 0.25,
                "control": "reterraforged:terrain/blender",
                "source0": "reterraforged:terrain/hills_2/variance",
                "source1": "reterraforged:terrain/torridonian/variance"
              }
            ]
          },
          "weight": 2.252064
        },
        {
          "noise": {
            "type": "reterraforged:add",
            "modules": [
              "reterraforged:terrain/ground",
              {
                "type": "reterraforged:blend",
                "blendRange": 0.25,
                "control": "reterraforged:terrain/blender",
                "source0": "reterraforged:terrain/hills_2/variance",
                "source1": "reterraforged:terrain/torridonian/variance"
              }
            ]
          },
          "weight": 2.252064
        },
        {
          "noise": {
            "type": "reterraforged:add",
            "modules": [
              "reterraforged:terrain/ground",
              {
                "type": "reterraforged:blend",
                "blendRange": 0.25,
                "control": "reterraforged:terrain/blender",
                "source0": "reterraforged:terrain/hills_2/variance",
                "source1": "reterraforged:terrain/badlands/variance"
              }
            ]
          },
          "weight": 1.752064
        },
        {
          "noise": {
            "type": "reterraforged:add",
            "modules": [
              "reterraforged:terrain/ground",
              {
                "type": "reterraforged:blend",
                "blendRange": 0.25,
                "control": "reterraforged:terrain/blender",
                "source0": "reterraforged:terrain/hills_2/variance",
                "source1": "reterraforged:terrain/badlands/variance"
              }
            ]
          },
          "weight": 1.752064
        },
        {
          "noise": {
            "type": "reterraforged:add",
            "modules": [
              "reterraforged:terrain/ground",
              {
                "type": "reterraforged:blend",
                "blendRange": 0.25,
                "control": "reterraforged:terrain/blender",
                "source0": "reterraforged:terrain/dales/variance",
                "source1": "reterraforged:terrain/torridonian/variance"
              }
            ]
          },
          "weight": 1.75
        },
        {
          "noise": {
            "type": "reterraforged:add",
            "modules": [
              "reterraforged:terrain/ground",
              {
                "type": "reterraforged:blend",
                "blendRange": 0.25,
                "control": "reterraforged:terrain/blender",
                "source0": "reterraforged:terrain/dales/variance",
                "source1": "reterraforged:terrain/torridonian/variance"
              }
            ]
          },
          "weight": 1.75
        },
        {
          "noise": {
            "type": "reterraforged:add",
            "modules": [
              "reterraforged:terrain/ground",
              {
                "type": "reterraforged:blend",
                "blendRange": 0.25,
                "control": "reterraforged:terrain/blender",
                "source0": "reterraforged:terrain/dales/variance",
                "source1": "reterraforged:terrain/badlands/variance"
              }
            ]
          },
          "weight": 1.25
        },
        {
          "noise": {
            "type": "reterraforged:add",
            "modules": [
              "reterraforged:terrain/ground",
              {
                "type": "reterraforged:blend",
                "blendRange": 0.25,
                "control": "reterraforged:terrain/blender",
                "source0": "reterraforged:terrain/torridonian/variance",
                "source1": "reterraforged:terrain/badlands/variance"
              }
            ]
          },
          "weight": 1.5
        },
        {
          "noise": {
            "type": "reterraforged:add",
            "modules": [
              "reterraforged:terrain/ground",
              {
                "type": "reterraforged:blend",
                "blendRange": 0.25,
                "control": "reterraforged:terrain/blender",
                "source0": "reterraforged:terrain/torridonian/variance",
                "source1": "reterraforged:terrain/badlands/variance"
              }
            ]
          },
          "weight": 1.5
        },
        {
          "noise": {
            "type": "reterraforged:add",
            "modules": [
              "reterraforged:terrain/ground",
              "reterraforged:terrain/badlands/variance"
            ]
          },
          "weight": 1.0
        }
      ],
      "selector": "reterraforged:terrain/terrain_cell"
    }
  },
  "ocean_interpolation": "curve3",
  "shallow_ocean": "reterraforged:terrain/shallow_ocean/height",
  "shallow_ocean_point": 0.25
}