{
  "type": "terraforged:bias",
  "bias": {
    "type": "terraforged:constant",
    "value": 0.025
  },
  "source": {
    "type": "terraforged:scale",
    "scale": {
      "type": "terraforged:constant",
      "value": 0.55
    },
    "source": {
      "type": "terraforged:mul",
      "modules": [
        {
          "type": "terraforged:scale",
          "scale": {
            "type": "terraforged:constant",
            "value": 0.6
          },
          "source": {
            "type": "terraforged:add",
            "modules": [
              {
                "type": "terraforged:scale",
                "scale": {
                  "type": "terraforged:constant",
                  "value": 0.6
                },
                "source": {
                  "type": "terraforged:steps",
                  "curve": {
                    "type": "terraforged:interpolation",
                    "value": "curve3"
                  },
                  "slope_max": {
                    "type": "terraforged:constant",
                    "value": 0.75
                  },
                  "slope_min": {
                    "type": "terraforged:constant",
                    "value": 0.65
                  },
                  "source": {
                    "type": "terraforged:mul",
                    "modules": [
                      {
                        "type": "terraforged:warp",
                        "domain": {
                          "type": "terraforged:domain_warp",
                          "distance": {
                            "type": "terraforged:constant",
                            "value": 20.0
                          },
                          "x": {
                            "type": "terraforged:map",
                            "max": {
                              "type": "terraforged:constant",
                              "value": 0.5
                            },
                            "min": {
                              "type": "terraforged:constant",
                              "value": -0.5
                            },
                            "source": {
                              "type": "terraforged:perlin",
                              "frequency": 0.055555556,
                              "seed": 35
                            }
                          },
                          "y": {
                            "type": "terraforged:map",
                            "max": {
                              "type": "terraforged:constant",
                              "value": 0.5
                            },
                            "min": {
                              "type": "terraforged:constant",
                              "value": -0.5
                            },
                            "source": {
                              "type": "terraforged:perlin",
                              "frequency": 0.055555556,
                              "seed": 36
                            }
                          }
                        },
                        "source": {
                          "type": "terraforged:warp",
                          "domain": {
                            "type": "terraforged:domain_warp",
                            "distance": {
                              "type": "terraforged:constant",
                              "value": 100.0
                            },
                            "x": {
                              "type": "terraforged:map",
                              "max": {
                                "type": "terraforged:constant",
                                "value": 0.5
                              },
                              "min": {
                                "type": "terraforged:constant",
                                "value": -0.5
                              },
                              "source": {
                                "type": "terraforged:perlin",
                                "frequency": 0.0016666667,
                                "octaves": 2,
                                "seed": 34
                              }
                            },
                            "y": {
                              "type": "terraforged:map",
                              "max": {
                                "type": "terraforged:constant",
                                "value": 0.5
                              },
                              "min": {
                                "type": "terraforged:constant",
                                "value": -0.5
                              },
                              "source": {
                                "type": "terraforged:perlin",
                                "frequency": 0.0016666667,
                                "octaves": 2,
                                "seed": 35
                              }
                            }
                          },
                          "source": {
                            "type": "terraforged:ridge",
                            "frequency": 0.0036363637,
                            "gain": 0.5,
                            "interpolation": "curve3",
                            "lacunarity": 2.0,
                            "octaves": 4,
                            "seed": 33
                          }
                        }
                      },
                      {
                        "type": "terraforged:map",
                        "max": {
                          "type": "terraforged:constant",
                          "value": 1.0
                        },
                        "min": {
                          "type": "terraforged:constant",
                          "value": 0.0
                        },
                        "source": {
                          "type": "terraforged:clamp",
                          "max": {
                            "type": "terraforged:constant",
                            "value": 0.65
                          },
                          "min": {
                            "type": "terraforged:constant",
                            "value": 0.35
                          },
                          "source": {
                            "type": "terraforged:perlin",
                            "frequency": 0.0037037036,
                            "octaves": 3,
                            "seed": 32
                          }
                        }
                      }
                    ]
                  },
                  "steps": {
                    "type": "terraforged:constant",
                    "value": 4.0
                  }
                }
              },
              {
                "type": "terraforged:mul",
                "modules": [
                  {
                    "type": "terraforged:mul",
                    "modules": [
                      {
                        "type": "terraforged:warp",
                        "domain": {
                          "type": "terraforged:domain_warp",
                          "distance": {
                            "type": "terraforged:constant",
                            "value": 20.0
                          },
                          "x": {
                            "type": "terraforged:map",
                            "max": {
                              "type": "terraforged:constant",
                              "value": 0.5
                            },
                            "min": {
                              "type": "terraforged:constant",
                              "value": -0.5
                            },
                            "source": {
                              "type": "terraforged:perlin",
                              "frequency": 0.055555556,
                              "seed": 35
                            }
                          },
                          "y": {
                            "type": "terraforged:map",
                            "max": {
                              "type": "terraforged:constant",
                              "value": 0.5
                            },
                            "min": {
                              "type": "terraforged:constant",
                              "value": -0.5
                            },
                            "source": {
                              "type": "terraforged:perlin",
                              "frequency": 0.055555556,
                              "seed": 36
                            }
                          }
                        },
                        "source": {
                          "type": "terraforged:warp",
                          "domain": {
                            "type": "terraforged:domain_warp",
                            "distance": {
                              "type": "terraforged:constant",
                              "value": 100.0
                            },
                            "x": {
                              "type": "terraforged:map",
                              "max": {
                                "type": "terraforged:constant",
                                "value": 0.5
                              },
                              "min": {
                                "type": "terraforged:constant",
                                "value": -0.5
                              },
                              "source": {
                                "type": "terraforged:perlin",
                                "frequency": 0.0016666667,
                                "octaves": 2,
                                "seed": 34
                              }
                            },
                            "y": {
                              "type": "terraforged:map",
                              "max": {
                                "type": "terraforged:constant",
                                "value": 0.5
                              },
                              "min": {
                                "type": "terraforged:constant",
                                "value": -0.5
                              },
                              "source": {
                                "type": "terraforged:perlin",
                                "frequency": 0.0016666667,
                                "octaves": 2,
                                "seed": 35
                              }
                            }
                          },
                          "source": {
                            "type": "terraforged:ridge",
                            "frequency": 0.0036363637,
                            "gain": 0.5,
                            "interpolation": "curve3",
                            "lacunarity": 2.0,
                            "octaves": 4,
                            "seed": 33
                          }
                        }
                      },
                      {
                        "type": "terraforged:map",
                        "max": {
                          "type": "terraforged:constant",
                          "value": 1.0
                        },
                        "min": {
                          "type": "terraforged:constant",
                          "value": 0.0
                        },
                        "source": {
                          "type": "terraforged:clamp",
                          "max": {
                            "type": "terraforged:constant",
                            "value": 0.65
                          },
                          "min": {
                            "type": "terraforged:constant",
                            "value": 0.35
                          },
                          "source": {
                            "type": "terraforged:perlin",
                            "frequency": 0.0037037036,
                            "octaves": 3,
                            "seed": 32
                          }
                        }
                      }
                    ]
                  },
                  {
                    "type": "terraforged:scale",
                    "scale": {
                      "type": "terraforged:constant",
                      "value": 0.4
                    },
                    "source": {
                      "type": "terraforged:perlin",
                      "frequency": 0.005,
                      "octaves": 3,
                      "seed": 37
                    }
                  }
                ]
              }
            ]
          }
        },
        {
          "type": "terraforged:alpha",
          "alpha": {
            "type": "terraforged:constant",
            "value": 0.5
          },
          "source": {
            "type": "terraforged:add",
            "modules": [
              {
                "type": "terraforged:add",
                "modules": [
                  {
                    "type": "terraforged:scale",
                    "scale": {
                      "type": "terraforged:constant",
                      "value": 0.6
                    },
                    "source": {
                      "type": "terraforged:steps",
                      "curve": {
                        "type": "terraforged:interpolation",
                        "value": "linear"
                      },
                      "slope_max": {
                        "type": "terraforged:constant",
                        "value": 1.3
                      },
                      "slope_min": {
                        "type": "terraforged:constant",
                        "value": 0.6
                      },
                      "source": {
                        "type": "terraforged:mul",
                        "modules": [
                          {
                            "type": "terraforged:warp",
                            "domain": {
                              "type": "terraforged:domain_warp",
                              "distance": {
                                "type": "terraforged:constant",
                                "value": 20.0
                              },
                              "x": {
                                "type": "terraforged:map",
                                "max": {
                                  "type": "terraforged:constant",
                                  "value": 0.5
                                },
                                "min": {
                                  "type": "terraforged:constant",
                                  "value": -0.5
                                },
                                "source": {
                                  "type": "terraforged:perlin",
                                  "frequency": 0.055555556,
                                  "seed": 35
                                }
                              },
                              "y": {
                                "type": "terraforged:map",
                                "max": {
                                  "type": "terraforged:constant",
                                  "value": 0.5
                                },
                                "min": {
                                  "type": "terraforged:constant",
                                  "value": -0.5
                                },
                                "source": {
                                  "type": "terraforged:perlin",
                                  "frequency": 0.055555556,
                                  "seed": 36
                                }
                              }
                            },
                            "source": {
                              "type": "terraforged:warp",
                              "domain": {
                                "type": "terraforged:domain_warp",
                                "distance": {
                                  "type": "terraforged:constant",
                                  "value": 100.0
                                },
                                "x": {
                                  "type": "terraforged:map",
                                  "max": {
                                    "type": "terraforged:constant",
                                    "value": 0.5
                                  },
                                  "min": {
                                    "type": "terraforged:constant",
                                    "value": -0.5
                                  },
                                  "source": {
                                    "type": "terraforged:perlin",
                                    "frequency": 0.0016666667,
                                    "octaves": 2,
                                    "seed": 34
                                  }
                                },
                                "y": {
                                  "type": "terraforged:map",
                                  "max": {
                                    "type": "terraforged:constant",
                                    "value": 0.5
                                  },
                                  "min": {
                                    "type": "terraforged:constant",
                                    "value": -0.5
                                  },
                                  "source": {
                                    "type": "terraforged:perlin",
                                    "frequency": 0.0016666667,
                                    "octaves": 2,
                                    "seed": 35
                                  }
                                }
                              },
                              "source": {
                                "type": "terraforged:ridge",
                                "frequency": 0.0036363637,
                                "gain": 0.5,
                                "interpolation": "curve3",
                                "lacunarity": 2.0,
                                "octaves": 4,
                                "seed": 33
                              }
                            }
                          },
                          {
                            "type": "terraforged:map",
                            "max": {
                              "type": "terraforged:constant",
                              "value": 1.0
                            },
                            "min": {
                              "type": "terraforged:constant",
                              "value": 0.0
                            },
                            "source": {
                              "type": "terraforged:clamp",
                              "max": {
                                "type": "terraforged:constant",
                                "value": 0.65
                              },
                              "min": {
                                "type": "terraforged:constant",
                                "value": 0.35
                              },
                              "source": {
                                "type": "terraforged:perlin",
                                "frequency": 0.0037037036,
                                "octaves": 3,
                                "seed": 32
                              }
                            }
                          }
                        ]
                      },
                      "steps": {
                        "type": "terraforged:constant",
                        "value": 4.0
                      }
                    }
                  },
                  {
                    "type": "terraforged:scale",
                    "scale": {
                      "type": "terraforged:constant",
                      "value": 0.4
                    },
                    "source": {
                      "type": "terraforged:warp",
                      "domain": {
                        "type": "terraforged:domain_warp",
                        "distance": {
                          "type": "terraforged:constant",
                          "value": 50.0
                        },
                        "x": {
                          "type": "terraforged:map",
                          "max": {
                            "type": "terraforged:constant",
                            "value": 0.5
                          },
                          "min": {
                            "type": "terraforged:constant",
                            "value": -0.5
                          },
                          "source": {
                            "type": "terraforged:perlin",
                            "frequency": 0.01,
                            "seed": 36
                          }
                        },
                        "y": {
                          "type": "terraforged:map",
                          "max": {
                            "type": "terraforged:constant",
                            "value": 0.5
                          },
                          "min": {
                            "type": "terraforged:constant",
                            "value": -0.5
                          },
                          "source": {
                            "type": "terraforged:perlin",
                            "frequency": 0.01,
                            "seed": 37
                          }
                        }
                      },
                      "source": {
                        "type": "terraforged:mul",
                        "modules": [
                          {
                            "type": "terraforged:warp",
                            "domain": {
                              "type": "terraforged:domain_warp",
                              "distance": {
                                "type": "terraforged:constant",
                                "value": 20.0
                              },
                              "x": {
                                "type": "terraforged:map",
                                "max": {
                                  "type": "terraforged:constant",
                                  "value": 0.5
                                },
                                "min": {
                                  "type": "terraforged:constant",
                                  "value": -0.5
                                },
                                "source": {
                                  "type": "terraforged:perlin",
                                  "frequency": 0.055555556,
                                  "seed": 35
                                }
                              },
                              "y": {
                                "type": "terraforged:map",
                                "max": {
                                  "type": "terraforged:constant",
                                  "value": 0.5
                                },
                                "min": {
                                  "type": "terraforged:constant",
                                  "value": -0.5
                                },
                                "source": {
                                  "type": "terraforged:perlin",
                                  "frequency": 0.055555556,
                                  "seed": 36
                                }
                              }
                            },
                            "source": {
                              "type": "terraforged:warp",
                              "domain": {
                                "type": "terraforged:domain_warp",
                                "distance": {
                                  "type": "terraforged:constant",
                                  "value": 100.0
                                },
                                "x": {
                                  "type": "terraforged:map",
                                  "max": {
                                    "type": "terraforged:constant",
                                    "value": 0.5
                                  },
                                  "min": {
                                    "type": "terraforged:constant",
                                    "value": -0.5
                                  },
                                  "source": {
                                    "type": "terraforged:perlin",
                                    "frequency": 0.0016666667,
                                    "octaves": 2,
                                    "seed": 34
                                  }
                                },
                                "y": {
                                  "type": "terraforged:map",
                                  "max": {
                                    "type": "terraforged:constant",
                                    "value": 0.5
                                  },
                                  "min": {
                                    "type": "terraforged:constant",
                                    "value": -0.5
                                  },
                                  "source": {
                                    "type": "terraforged:perlin",
                                    "frequency": 0.0016666667,
                                    "octaves": 2,
                                    "seed": 35
                                  }
                                }
                              },
                              "source": {
                                "type": "terraforged:ridge",
                                "frequency": 0.0036363637,
                                "gain": 0.5,
                                "interpolation": "curve3",
                                "lacunarity": 2.0,
                                "octaves": 4,
                                "seed": 33
                              }
                            }
                          },
                          {
                            "type": "terraforged:map",
                            "max": {
                              "type": "terraforged:constant",
                              "value": 1.0
                            },
                            "min": {
                              "type": "terraforged:constant",
                              "value": 0.0
                            },
                            "source": {
                              "type": "terraforged:clamp",
                              "max": {
                                "type": "terraforged:constant",
                                "value": 0.65
                              },
                              "min": {
                                "type": "terraforged:constant",
                                "value": 0.35
                              },
                              "source": {
                                "type": "terraforged:perlin",
                                "frequency": 0.0037037036,
                                "octaves": 3,
                                "seed": 32
                              }
                            }
                          }
                        ]
                      }
                    }
                  }
                ]
              },
              {
                "type": "terraforged:add",
                "modules": [
                  {
                    "type": "terraforged:scale",
                    "scale": {
                      "type": "terraforged:constant",
                      "value": 0.6
                    },
                    "source": {
                      "type": "terraforged:steps",
                      "curve": {
                        "type": "terraforged:interpolation",
                        "value": "linear"
                      },
                      "slope_max": {
                        "type": "terraforged:constant",
                        "value": 1.3
                      },
                      "slope_min": {
                        "type": "terraforged:constant",
                        "value": 0.6
                      },
                      "source": {
                        "type": "terraforged:mul",
                        "modules": [
                          {
                            "type": "terraforged:warp",
                            "domain": {
                              "type": "terraforged:domain_warp",
                              "distance": {
                                "type": "terraforged:constant",
                                "value": 20.0
                              },
                              "x": {
                                "type": "terraforged:map",
                                "max": {
                                  "type": "terraforged:constant",
                                  "value": 0.5
                                },
                                "min": {
                                  "type": "terraforged:constant",
                                  "value": -0.5
                                },
                                "source": {
                                  "type": "terraforged:perlin",
                                  "frequency": 0.055555556,
                                  "seed": 35
                                }
                              },
                              "y": {
                                "type": "terraforged:map",
                                "max": {
                                  "type": "terraforged:constant",
                                  "value": 0.5
                                },
                                "min": {
                                  "type": "terraforged:constant",
                                  "value": -0.5
                                },
                                "source": {
                                  "type": "terraforged:perlin",
                                  "frequency": 0.055555556,
                                  "seed": 36
                                }
                              }
                            },
                            "source": {
                              "type": "terraforged:warp",
                              "domain": {
                                "type": "terraforged:domain_warp",
                                "distance": {
                                  "type": "terraforged:constant",
                                  "value": 100.0
                                },
                                "x": {
                                  "type": "terraforged:map",
                                  "max": {
                                    "type": "terraforged:constant",
                                    "value": 0.5
                                  },
                                  "min": {
                                    "type": "terraforged:constant",
                                    "value": -0.5
                                  },
                                  "source": {
                                    "type": "terraforged:perlin",
                                    "frequency": 0.0016666667,
                                    "octaves": 2,
                                    "seed": 34
                                  }
                                },
                                "y": {
                                  "type": "terraforged:map",
                                  "max": {
                                    "type": "terraforged:constant",
                                    "value": 0.5
                                  },
                                  "min": {
                                    "type": "terraforged:constant",
                                    "value": -0.5
                                  },
                                  "source": {
                                    "type": "terraforged:perlin",
                                    "frequency": 0.0016666667,
                                    "octaves": 2,
                                    "seed": 35
                                  }
                                }
                              },
                              "source": {
                                "type": "terraforged:ridge",
                                "frequency": 0.0036363637,
                                "gain": 0.5,
                                "interpolation": "curve3",
                                "lacunarity": 2.0,
                                "octaves": 4,
                                "seed": 33
                              }
                            }
                          },
                          {
                            "type": "terraforged:map",
                            "max": {
                              "type": "terraforged:constant",
                              "value": 1.0
                            },
                            "min": {
                              "type": "terraforged:constant",
                              "value": 0.0
                            },
                            "source": {
                              "type": "terraforged:clamp",
                              "max": {
                                "type": "terraforged:constant",
                                "value": 0.65
                              },
                              "min": {
                                "type": "terraforged:constant",
                                "value": 0.35
                              },
                              "source": {
                                "type": "terraforged:perlin",
                                "frequency": 0.0037037036,
                                "octaves": 3,
                                "seed": 32
                              }
                            }
                          }
                        ]
                      },
                      "steps": {
                        "type": "terraforged:constant",
                        "value": 10.0
                      }
                    }
                  },
                  {
                    "type": "terraforged:scale",
                    "scale": {
                      "type": "terraforged:constant",
                      "value": 0.4
                    },
                    "source": {
                      "type": "terraforged:warp",
                      "domain": {
                        "type": "terraforged:domain_warp",
                        "distance": {
                          "type": "terraforged:constant",
                          "value": 50.0
                        },
                        "x": {
                          "type": "terraforged:map",
                          "max": {
                            "type": "terraforged:constant",
                            "value": 0.5
                          },
                          "min": {
                            "type": "terraforged:constant",
                            "value": -0.5
                          },
                          "source": {
                            "type": "terraforged:perlin",
                            "frequency": 0.01,
                            "seed": 36
                          }
                        },
                        "y": {
                          "type": "terraforged:map",
                          "max": {
                            "type": "terraforged:constant",
                            "value": 0.5
                          },
                          "min": {
                            "type": "terraforged:constant",
                            "value": -0.5
                          },
                          "source": {
                            "type": "terraforged:perlin",
                            "frequency": 0.01,
                            "seed": 37
                          }
                        }
                      },
                      "source": {
                        "type": "terraforged:mul",
                        "modules": [
                          {
                            "type": "terraforged:warp",
                            "domain": {
                              "type": "terraforged:domain_warp",
                              "distance": {
                                "type": "terraforged:constant",
                                "value": 20.0
                              },
                              "x": {
                                "type": "terraforged:map",
                                "max": {
                                  "type": "terraforged:constant",
                                  "value": 0.5
                                },
                                "min": {
                                  "type": "terraforged:constant",
                                  "value": -0.5
                                },
                                "source": {
                                  "type": "terraforged:perlin",
                                  "frequency": 0.055555556,
                                  "seed": 35
                                }
                              },
                              "y": {
                                "type": "terraforged:map",
                                "max": {
                                  "type": "terraforged:constant",
                                  "value": 0.5
                                },
                                "min": {
                                  "type": "terraforged:constant",
                                  "value": -0.5
                                },
                                "source": {
                                  "type": "terraforged:perlin",
                                  "frequency": 0.055555556,
                                  "seed": 36
                                }
                              }
                            },
                            "source": {
                              "type": "terraforged:warp",
                              "domain": {
                                "type": "terraforged:domain_warp",
                                "distance": {
                                  "type": "terraforged:constant",
                                  "value": 100.0
                                },
                                "x": {
                                  "type": "terraforged:map",
                                  "max": {
                                    "type": "terraforged:constant",
                                    "value": 0.5
                                  },
                                  "min": {
                                    "type": "terraforged:constant",
                                    "value": -0.5
                                  },
                                  "source": {
                                    "type": "terraforged:perlin",
                                    "frequency": 0.0016666667,
                                    "octaves": 2,
                                    "seed": 34
                                  }
                                },
                                "y": {
                                  "type": "terraforged:map",
                                  "max": {
                                    "type": "terraforged:constant",
                                    "value": 0.5
                                  },
                                  "min": {
                                    "type": "terraforged:constant",
                                    "value": -0.5
                                  },
                                  "source": {
                                    "type": "terraforged:perlin",
                                    "frequency": 0.0016666667,
                                    "octaves": 2,
                                    "seed": 35
                                  }
                                }
                              },
                              "source": {
                                "type": "terraforged:ridge",
                                "frequency": 0.0036363637,
                                "gain": 0.5,
                                "interpolation": "curve3",
                                "lacunarity": 2.0,
                                "octaves": 4,
                                "seed": 33
                              }
                            }
                          },
                          {
                            "type": "terraforged:map",
                            "max": {
                              "type": "terraforged:constant",
                              "value": 1.0
                            },
                            "min": {
                              "type": "terraforged:constant",
                              "value": 0.0
                            },
                            "source": {
                              "type": "terraforged:clamp",
                              "max": {
                                "type": "terraforged:constant",
                                "value": 0.65
                              },
                              "min": {
                                "type": "terraforged:constant",
                                "value": 0.35
                              },
                              "source": {
                                "type": "terraforged:perlin",
                                "frequency": 0.0037037036,
                                "octaves": 3,
                                "seed": 32
                              }
                            }
                          }
                        ]
                      }
                    }
                  }
                ]
              }
            ]
          }
        }
      ]
    }
  }
}