{
  "type": "terraforged:scale",
  "scale": {
    "type": "terraforged:constant",
    "value": 0.4
  },
  "source": {
    "type": "terraforged:warp",
    "domain": {
      "type": "terraforged:domain_warp",
      "distance": {
        "type": "terraforged:constant",
        "value": 100.0
      },
      "x": {
        "type": "terraforged:map",
        "max": {
          "type": "terraforged:constant",
          "value": 0.5
        },
        "min": {
          "type": "terraforged:constant",
          "value": -0.5
        },
        "source": {
          "type": "terraforged:perlin",
          "frequency": 0.0033333334,
          "seed": 22
        }
      },
      "y": {
        "type": "terraforged:map",
        "max": {
          "type": "terraforged:constant",
          "value": 0.5
        },
        "min": {
          "type": "terraforged:constant",
          "value": -0.5
        },
        "source": {
          "type": "terraforged:perlin",
          "frequency": 0.0033333334,
          "seed": 23
        }
      }
    },
    "source": {
      "type": "terraforged:power",
      "power": {
        "type": "terraforged:constant",
        "value": 1.125
      },
      "source": {
        "type": "terraforged:blend",
        "blendRange": 0.75,
        "control": {
          "type": "terraforged:map",
          "max": {
            "type": "terraforged:constant",
            "value": 1.0
          },
          "min": {
            "type": "terraforged:constant",
            "value": 0.0
          },
          "source": {
            "type": "terraforged:clamp",
            "max": {
              "type": "terraforged:constant",
              "value": 0.6
            },
            "min": {
              "type": "terraforged:constant",
              "value": 0.3
            },
            "source": {
              "type": "terraforged:perlin",
              "frequency": 0.0016666667,
              "seed": 21
            }
          }
        },
        "midpoint": 0.4,
        "source0": {
          "type": "terraforged:scale",
          "scale": {
            "type": "terraforged:constant",
            "value": 0.75
          },
          "source": {
            "type": "terraforged:power_curve",
            "power": 0.5,
            "source": {
              "type": "terraforged:billow",
              "frequency": 0.0033333334,
              "gain": 0.8,
              "lacunarity": 4.0,
              "octaves": 4,
              "seed": 19
            }
          }
        },
        "source1": {
          "type": "terraforged:power",
          "power": {
            "type": "terraforged:constant",
            "value": 1.25
          },
          "source": {
            "type": "terraforged:billow",
            "frequency": 0.0028571428,
            "gain": 0.8,
            "lacunarity": 4.0,
            "octaves": 3,
            "seed": 20
          }
        }
      }
    }
  }
}