{
  "type": "terraforged:scale",
  "scale": {
    "type": "terraforged:constant",
    "value": 0.75
  },
  "source": {
    "type": "terraforged:warp",
    "domain": {
      "type": "terraforged:domain_warp",
      "distance": {
        "type": "terraforged:constant",
        "value": 300.0
      },
      "x": {
        "type": "terraforged:map",
        "max": {
          "type": "terraforged:constant",
          "value": 0.5
        },
        "min": {
          "type": "terraforged:constant",
          "value": -0.5
        },
        "source": {
          "type": "terraforged:perlin",
          "frequency": 0.00125,
          "octaves": 3,
          "seed": 71
        }
      },
      "y": {
        "type": "terraforged:map",
        "max": {
          "type": "terraforged:constant",
          "value": 0.5
        },
        "min": {
          "type": "terraforged:constant",
          "value": -0.5
        },
        "source": {
          "type": "terraforged:perlin",
          "frequency": 0.00125,
          "octaves": 3,
          "seed": 72
        }
      }
    },
    "source": {
      "type": "terraforged:max",
      "modules": [
        {
          "type": "terraforged:mul",
          "modules": [
            {
              "type": "terraforged:warp",
              "domain": {
                "type": "terraforged:domain_warp",
                "distance": {
                  "type": "terraforged:constant",
                  "value": 8.0
                },
                "x": {
                  "type": "terraforged:map",
                  "max": {
                    "type": "terraforged:constant",
                    "value": 0.5
                  },
                  "min": {
                    "type": "terraforged:constant",
                    "value": -0.5
                  },
                  "source": {
                    "type": "terraforged:perlin",
                    "frequency": 0.1,
                    "octaves": 2,
                    "seed": 68
                  }
                },
                "y": {
                  "type": "terraforged:map",
                  "max": {
                    "type": "terraforged:constant",
                    "value": 0.5
                  },
                  "min": {
                    "type": "terraforged:constant",
                    "value": -0.5
                  },
                  "source": {
                    "type": "terraforged:perlin",
                    "frequency": 0.1,
                    "octaves": 2,
                    "seed": 69
                  }
                }
              },
              "source": {
                "type": "terraforged:map",
                "max": {
                  "type": "terraforged:constant",
                  "value": 1.0
                },
                "min": {
                  "type": "terraforged:constant",
                  "value": 0.0
                },
                "source": {
                  "type": "terraforged:clamp",
                  "max": {
                    "type": "terraforged:constant",
                    "value": 1.0
                  },
                  "min": {
                    "type": "terraforged:constant",
                    "value": 0.3
                  },
                  "source": {
                    "type": "terraforged:simplex",
                    "frequency": 0.002105263,
                    "octaves": 4,
                    "seed": 67
                  }
                }
              }
            },
            {
              "type": "terraforged:alpha",
              "alpha": {
                "type": "terraforged:constant",
                "value": 0.875
              },
              "source": {
                "type": "terraforged:warp",
                "domain": {
                  "type": "terraforged:domain_warp",
                  "distance": {
                    "type": "terraforged:constant",
                    "value": 30.0
                  },
                  "x": {
                    "type": "terraforged:map",
                    "max": {
                      "type": "terraforged:constant",
                      "value": 0.5
                    },
                    "min": {
                      "type": "terraforged:constant",
                      "value": -0.5
                    },
                    "source": {
                      "type": "terraforged:simplex",
                      "frequency": 0.025,
                      "octaves": 5,
                      "seed": 70
                    }
                  },
                  "y": {
                    "type": "terraforged:map",
                    "max": {
                      "type": "terraforged:constant",
                      "value": 0.5
                    },
                    "min": {
                      "type": "terraforged:constant",
                      "value": -0.5
                    },
                    "source": {
                      "type": "terraforged:simplex",
                      "frequency": 0.025,
                      "octaves": 5,
                      "seed": 71
                    }
                  }
                },
                "source": {
                  "type": "terraforged:map",
                  "max": {
                    "type": "terraforged:constant",
                    "value": 1.0
                  },
                  "min": {
                    "type": "terraforged:constant",
                    "value": 0.0
                  },
                  "source": {
                    "type": "terraforged:clamp",
                    "max": {
                      "type": "terraforged:constant",
                      "value": 0.675
                    },
                    "min": {
                      "type": "terraforged:constant",
                      "value": 0.0
                    },
                    "source": {
                      "type": "terraforged:simplex_ridge",
                      "frequency": 0.0025,
                      "gain": 0.6,
                      "lacunarity": 2.7,
                      "octaves": 5,
                      "seed": 69
                    }
                  }
                }
              }
            }
          ]
        },
        {
          "type": "terraforged:add",
          "modules": [
            {
              "type": "terraforged:scale",
              "scale": {
                "type": "terraforged:constant",
                "value": 0.65
              },
              "source": {
                "type": "terraforged:power",
                "power": {
                  "type": "terraforged:constant",
                  "value": 2.2
                },
                "source": {
                  "type": "terraforged:warp",
                  "domain": {
                    "type": "terraforged:domain_warp",
                    "distance": {
                      "type": "terraforged:constant",
                      "value": 8.0
                    },
                    "x": {
                      "type": "terraforged:map",
                      "max": {
                        "type": "terraforged:constant",
                        "value": 0.5
                      },
                      "min": {
                        "type": "terraforged:constant",
                        "value": -0.5
                      },
                      "source": {
                        "type": "terraforged:perlin",
                        "frequency": 0.1,
                        "octaves": 2,
                        "seed": 68
                      }
                    },
                    "y": {
                      "type": "terraforged:map",
                      "max": {
                        "type": "terraforged:constant",
                        "value": 0.5
                      },
                      "min": {
                        "type": "terraforged:constant",
                        "value": -0.5
                      },
                      "source": {
                        "type": "terraforged:perlin",
                        "frequency": 0.1,
                        "octaves": 2,
                        "seed": 69
                      }
                    }
                  },
                  "source": {
                    "type": "terraforged:map",
                    "max": {
                      "type": "terraforged:constant",
                      "value": 1.0
                    },
                    "min": {
                      "type": "terraforged:constant",
                      "value": 0.0
                    },
                    "source": {
                      "type": "terraforged:clamp",
                      "max": {
                        "type": "terraforged:constant",
                        "value": 1.0
                      },
                      "min": {
                        "type": "terraforged:constant",
                        "value": 0.3
                      },
                      "source": {
                        "type": "terraforged:simplex",
                        "frequency": 0.002105263,
                        "octaves": 4,
                        "seed": 67
                      }
                    }
                  }
                }
              }
            },
            {
              "type": "terraforged:scale",
              "scale": {
                "type": "terraforged:constant",
                "value": 0.1
              },
              "source": {
                "type": "terraforged:simplex",
                "frequency": 0.0125,
                "octaves": 4,
                "seed": 66
              }
            }
          ]
        }
      ]
    }
  }
}