{
  "type": "terraforged:scale",
  "scale": {
    "type": "terraforged:constant",
    "value": 0.58800006
  },
  "source": {
    "type": "terraforged:warp",
    "domain": {
      "type": "terraforged:domain_warp",
      "distance": {
        "type": "terraforged:constant",
        "value": 200.0
      },
      "x": {
        "type": "terraforged:map",
        "max": {
          "type": "terraforged:constant",
          "value": 0.5
        },
        "min": {
          "type": "terraforged:constant",
          "value": -0.5
        },
        "source": {
          "type": "terraforged:perlin",
          "frequency": 0.0016666667,
          "octaves": 3,
          "seed": 13
        }
      },
      "y": {
        "type": "terraforged:map",
        "max": {
          "type": "terraforged:constant",
          "value": 0.5
        },
        "min": {
          "type": "terraforged:constant",
          "value": -0.5
        },
        "source": {
          "type": "terraforged:perlin",
          "frequency": 0.0016666667,
          "octaves": 3,
          "seed": 14
        }
      }
    },
    "source": {
      "type": "terraforged:warp",
      "domain": {
        "type": "terraforged:domain_warp",
        "distance": {
          "type": "terraforged:constant",
          "value": 20.0
        },
        "x": {
          "type": "terraforged:map",
          "max": {
            "type": "terraforged:constant",
            "value": 0.5
          },
          "min": {
            "type": "terraforged:constant",
            "value": -0.5
          },
          "source": {
            "type": "terraforged:perlin",
            "frequency": 0.033333335,
            "octaves": 3,
            "seed": 12
          }
        },
        "y": {
          "type": "terraforged:map",
          "max": {
            "type": "terraforged:constant",
            "value": 0.5
          },
          "min": {
            "type": "terraforged:constant",
            "value": -0.5
          },
          "source": {
            "type": "terraforged:perlin",
            "frequency": 0.033333335,
            "octaves": 3,
            "seed": 13
          }
        }
      },
      "source": {
        "type": "terraforged:mul",
        "modules": [
          {
            "type": "terraforged:perlin",
            "frequency": 0.005,
            "octaves": 3,
            "seed": 10
          },
          {
            "type": "terraforged:alpha",
            "alpha": {
              "type": "terraforged:constant",
              "value": 0.5
            },
            "source": {
              "type": "terraforged:billow",
              "frequency": 0.0016666667,
              "octaves": 3,
              "seed": 11
            }
          }
        ]
      }
    }
  }
}