{
  "type": "terraforged:scale",
  "scale": {
    "type": "terraforged:constant",
    "value": 1.1221
  },
  "source": {
    "type": "terraforged:power",
    "power": {
      "type": "terraforged:constant",
      "value": 1.1
    },
    "source": {
      "type": "terraforged:mul",
      "modules": [
        {
          "type": "terraforged:mul",
          "modules": [
            {
              "type": "terraforged:warp",
              "domain": {
                "type": "terraforged:domain_warp",
                "distance": {
                  "type": "terraforged:constant",
                  "value": 100.0
                },
                "x": {
                  "type": "terraforged:map",
                  "max": {
                    "type": "terraforged:constant",
                    "value": 0.5
                  },
                  "min": {
                    "type": "terraforged:constant",
                    "value": -0.5
                  },
                  "source": {
                    "type": "terraforged:perlin",
                    "frequency": 0.005,
                    "octaves": 2,
                    "seed": 73
                  }
                },
                "y": {
                  "type": "terraforged:map",
                  "max": {
                    "type": "terraforged:constant",
                    "value": 0.5
                  },
                  "min": {
                    "type": "terraforged:constant",
                    "value": -0.5
                  },
                  "source": {
                    "type": "terraforged:perlin",
                    "frequency": 0.005,
                    "octaves": 2,
                    "seed": 74
                  }
                }
              },
              "source": {
                "type": "terraforged:clamp",
                "max": {
                  "type": "terraforged:constant",
                  "value": 1.0
                },
                "min": {
                  "type": "terraforged:constant",
                  "value": 0.0
                },
                "source": {
                  "type": "terraforged:scale",
                  "scale": {
                    "type": "terraforged:constant",
                    "value": 1.2
                  },
                  "source": {
                    "type": "terraforged:cell_edge",
                    "frequency": 0.0027777778,
                    "seed": 72
                  }
                }
              }
            },
            {
              "type": "terraforged:alpha",
              "alpha": {
                "type": "terraforged:constant",
                "value": 0.025
              },
              "source": {
                "type": "terraforged:perlin",
                "frequency": 0.1,
                "seed": 74
              }
            }
          ]
        },
        {
          "type": "terraforged:alpha",
          "alpha": {
            "type": "terraforged:constant",
            "value": 0.37
          },
          "source": {
            "type": "terraforged:ridge",
            "frequency": 0.008,
            "gain": 0.5,
            "interpolation": "curve3",
            "lacunarity": 2.0,
            "octaves": 4,
            "seed": 75
          }
        }
      ]
    }
  }
}