{
  "type": "terraforged:bias",
  "bias": {
    "type": "terraforged:constant",
    "value": -0.02
  },
  "source": {
    "type": "terraforged:scale",
    "scale": {
      "type": "terraforged:constant",
      "value": 0.08
    },
    "source": {
      "type": "terraforged:warp",
      "domain": {
        "type": "terraforged:domain_warp",
        "distance": {
          "type": "terraforged:constant",
          "value": 200.0
        },
        "x": {
          "type": "terraforged:map",
          "max": {
            "type": "terraforged:constant",
            "value": 0.5
          },
          "min": {
            "type": "terraforged:constant",
            "value": -0.5
          },
          "source": {
            "type": "terraforged:perlin",
            "frequency": 0.00390625,
            "seed": 4
          }
        },
        "y": {
          "type": "terraforged:map",
          "max": {
            "type": "terraforged:constant",
            "value": 0.5
          },
          "min": {
            "type": "terraforged:constant",
            "value": -0.5
          },
          "source": {
            "type": "terraforged:perlin",
            "frequency": 0.00390625,
            "seed": 5
          }
        }
      },
      "source": {
        "type": "terraforged:warp",
        "domain": {
          "type": "terraforged:domain_warp",
          "distance": {
            "type": "terraforged:constant",
            "value": 62.5
          },
          "x": {
            "type": "terraforged:map",
            "max": {
              "type": "terraforged:constant",
              "value": 0.5
            },
            "min": {
              "type": "terraforged:constant",
              "value": -0.5
            },
            "source": {
              "type": "terraforged:perlin",
              "frequency": 0.016129032,
              "lacunarity": 3.0,
              "octaves": 3,
              "seed": 1
            }
          },
          "y": {
            "type": "terraforged:map",
            "max": {
              "type": "terraforged:constant",
              "value": 0.5
            },
            "min": {
              "type": "terraforged:constant",
              "value": -0.5
            },
            "source": {
              "type": "terraforged:perlin",
              "frequency": 0.016129032,
              "lacunarity": 3.0,
              "octaves": 3,
              "seed": 2
            }
          }
        },
        "source": {
          "type": "terraforged:mul",
          "modules": [
            {
              "type": "terraforged:perlin",
              "frequency": 0.004,
              "seed": 3
            },
            {
              "type": "terraforged:alpha",
              "alpha": {
                "type": "terraforged:constant",
                "value": 0.45
              },
              "source": {
                "type": "terraforged:perlin",
                "frequency": 0.002,
                "lacunarity": 3.75,
                "octaves": 3,
                "seed": 0
              }
            }
          ]
        }
      }
    }
  }
}