{
	"credit": "Made with Blockbench",
	"porting_lib:loader": "porting_lib:composite",
	"parent": "block/block",
	"textures": {
		"0": "create:block/blue_nixie_tube",
		"particle": "create:block/nixie_tube"
	},
	"children": {
		"connectors": {
			"render_type": "minecraft:solid",
			"textures": {
				"0": "create:block/blue_nixie_tube"
			},
			"elements": [
				{
					"name": "connector1",
					"from": [5, 0, 9],
					"to": [11, 3, 15],
					"rotation": {"angle": 0, "axis": "y", "origin": [8, 8, 8]},
					"faces": {
						"north": {"uv": [0, 10, 6, 13], "texture": "#0"},
						"east": {"uv": [0, 10, 6, 13], "texture": "#0"},
						"south": {"uv": [0, 10, 6, 13], "texture": "#0"},
						"west": {"uv": [0, 10, 6, 13], "texture": "#0"},
						"up": {"uv": [6, 6, 12, 12], "rotation": 270, "texture": "#0"},
						"down": {"uv": [6, 6, 12, 12], "rotation": 90, "texture": "#0"}
					}
				},
				{
					"name": "connector2",
					"from": [5, 0, 1],
					"to": [11, 3, 7],
					"rotation": {"angle": 0, "axis": "y", "origin": [8, 8, 8]},
					"faces": {
						"north": {"uv": [0, 10, 6, 13], "texture": "#0"},
						"east": {"uv": [0, 10, 6, 13], "texture": "#0"},
						"south": {"uv": [0, 10, 6, 13], "texture": "#0"},
						"west": {"uv": [0, 10, 6, 13], "texture": "#0"},
						"up": {"uv": [6, 6, 12, 12], "rotation": 270, "texture": "#0"},
						"down": {"uv": [6, 6, 12, 12], "rotation": 90, "texture": "#0"}
					}
				}
			]
		},
		"tubes": {
			"render_type": "minecraft:translucent",
			"textures": {
				"0": "create:block/blue_nixie_tube"
			},
			"elements": [
				{
					"name": "tube1",
					"from": [5, 3, 9],
					"to": [11, 12, 15],
					"rotation": {"angle": 0, "axis": "z", "origin": [8, 8, 8]},
					"faces": {
						"north": {"uv": [0, 1, 6, 10], "texture": "#0"},
						"east": {"uv": [0, 1, 6, 10], "texture": "#0"},
						"south": {"uv": [0, 1, 6, 10], "texture": "#0"},
						"west": {"uv": [0, 1, 6, 10], "texture": "#0"},
						"up": {"uv": [6, 0, 12, 6], "rotation": 180, "texture": "#0"}
					}
				},
				{
					"name": "tube2",
					"from": [5, 3, 1],
					"to": [11, 12, 7],
					"rotation": {"angle": 0, "axis": "z", "origin": [8, 8, 8]},
					"faces": {
						"north": {"uv": [0, 1, 6, 10], "texture": "#0"},
						"east": {"uv": [0, 1, 6, 10], "texture": "#0"},
						"south": {"uv": [0, 1, 6, 10], "texture": "#0"},
						"west": {"uv": [0, 1, 6, 10], "texture": "#0"},
						"up": {"uv": [6, 0, 12, 6], "rotation": 180, "texture": "#0"}
					}
				}
			]
		}
	}
}
