{
  "type": "reterraforged:scale",
  "scale": 0.58800006,
  "source": {
    "type": "reterraforged:warp",
    "domain": {
      "type": "reterraforged:domain_warp",
      "distance": 200.0,
      "x": {
        "type": "reterraforged:shift",
        "amount": 22,
        "source": {
          "type": "reterraforged:perlin",
          "frequency": 0.0025,
          "octaves": 3
        }
      },
      "y": {
        "type": "reterraforged:shift",
        "amount": 23,
        "source": {
          "type": "reterraforged:perlin",
          "frequency": 0.0025,
          "octaves": 3
        }
      }
    },
    "source": {
      "type": "reterraforged:warp",
      "domain": {
        "type": "reterraforged:domain_warp",
        "distance": 20.0,
        "x": {
          "type": "reterraforged:shift",
          "amount": 21,
          "source": {
            "type": "reterraforged:perlin",
            "frequency": 0.033333335,
            "octaves": 3
          }
        },
        "y": {
          "type": "reterraforged:shift",
          "amount": 22,
          "source": {
            "type": "reterraforged:perlin",
            "frequency": 0.033333335,
            "octaves": 3
          }
        }
      },
      "source": {
        "type": "reterraforged:mul",
        "modules": [
          {
            "type": "reterraforged:shift",
            "amount": 19,
            "source": {
              "type": "reterraforged:perlin",
              "frequency": 0.005,
              "octaves": 3
            }
          },
          {
            "type": "reterraforged:alpha",
            "alpha": 0.5,
            "source": {
              "type": "reterraforged:shift",
              "amount": 20,
              "source": {
                "type": "reterraforged:billow",
                "frequency": 0.0025,
                "octaves": 3
              }
            }
          }
        ]
      }
    }
  }
}