{
  "caves": {
    "caveCarverProbability": 0.05,
    "cheeseCaveDepthOffset": 1.5625,
    "cheeseCaveProbability": 1.0,
    "deepCaveCarverProbability": 0.07,
    "entranceCaveProbability": 0.0,
    "largeOreVeins": true,
    "legacyCarverDistribution": false,
    "noodleCaveProbability": 1.0,
    "ravineCarverProbability": 0.0075,
    "spaghettiCaveProbability": 1.0
  },
  "climate": {
    "biomeEdgeShape": {
      "type": "SIMPLEX",
      "gain": 0.5,
      "lacunarity": 2.65,
      "octaves": 2,
      "scale": 24,
      "strength": 14
    },
    "biomeShape": {
      "biomeSize": 395,
      "biomeWarpScale": 150,
      "biomeWarpStrength": 80,
      "macroNoiseSize": 8
    },
    "moisture": {
      "bias": 0.0,
      "falloff": 1,
      "max": 1.0,
      "min": 0.0,
      "scale": 6,
      "seedOffset": 1808754181
    },
    "temperature": {
      "bias": -6.095679E-4,
      "falloff": 2,
      "max": 0.91070217,
      "min": 0.22157021,
      "scale": 6,
      "seedOffset": 442570583
    }
  },
  "filters": {
    "erosion": {
      "depositeRate": 0.5,
      "dropletLifetime": 12,
      "dropletVelocity": 0.7,
      "dropletVolume": 0.7,
      "dropletsPerChunk": 132,
      "erosionRate": 0.5
    },
    "smoothing": {
      "iterations": 1,
      "smoothingRadius": 1.8,
      "smoothingRate": 0.9
    }
  },
  "miscellaneous": {
    "customBiomeFeatures": true,
    "erosionDecorator": true,
    "mountainBiomeUsage": 0.4,
    "naturalSnowDecorator": true,
    "oreCompatibleStoneOnly": true,
    "plainStoneErosion": false,
    "smoothLayerDecorator": true,
    "strataDecorator": true,
    "strataRegionSize": 600,
    "vanillaLavaLakes": true,
    "vanillaLavaSprings": false,
    "vanillaSprings": false,
    "volcanoBiomeUsage": 0.4
  },
  "rivers": {
    "branchRivers": {
      "bankWidth": 17,
      "bedDepth": 5,
      "bedWidth": 5,
      "fade": 0.89937115,
      "maxBankHeight": 4,
      "minBankHeight": 1
    },
    "lakes": {
      "chance": 0.3359105,
      "depth": 10,
      "maxBankHeight": 10,
      "maxStartDistance": 0.03,
      "minBankHeight": 2,
      "minStartDistance": 0.0,
      "sizeMax": 204,
      "sizeMin": 75
    },
    "mainRivers": {
      "bankWidth": 22,
      "bedDepth": 5,
      "bedWidth": 9,
      "fade": 0.6439082,
      "maxBankHeight": 6,
      "minBankHeight": 2
    },
    "riverCount": 10,
    "seedOffset": 2028576524,
    "wetlands": {
      "chance": 0.6,
      "sizeMax": 225,
      "sizeMin": 175
    }
  },
  "structures": {
    "structures": {
      "betterdeserttemples:desert_temples": {
        "disabled": false,
        "salt": 92746251,
        "separation": 20,
        "spacing": 30
      },
      "betterdungeons:skeleton_dungeons": {
        "disabled": false,
        "salt": 732581671,
        "separation": 23,
        "spacing": 46
      },
      "betterdungeons:small_dungeons": {
        "disabled": false,
        "salt": 34239823,
        "separation": 6,
        "spacing": 10
      },
      "betterdungeons:spider_dungeons": {
        "disabled": false,
        "salt": 596523129,
        "separation": 22,
        "spacing": 44
      },
      "betterdungeons:zombie_dungeons": {
        "disabled": false,
        "salt": 280667671,
        "separation": 24,
        "spacing": 48
      },
      "betterjungletemples:jungle_temples": {
        "disabled": false,
        "salt": 996971851,
        "separation": 8,
        "spacing": 24
      },
      "bettermineshafts:mineshafts": {
        "disabled": false,
        "salt": 593751784,
        "separation": 0,
        "spacing": 1
      },
      "betteroceanmonuments:ocean_monument": {
        "disabled": false,
        "salt": 784827271,
        "separation": 20,
        "spacing": 50
      },
      "betterstrongholds:stronghold": {
        "disabled": false,
        "salt": 596441294,
        "separation": 50,
        "spacing": 85
      },
      "betterwitchhuts:witch_circle": {
        "disabled": false,
        "salt": 19797254,
        "separation": 10,
        "spacing": 40
      },
      "betterwitchhuts:witch_hut": {
        "disabled": false,
        "salt": 79297177,
        "separation": 8,
        "spacing": 30
      },
      "minecraft:ancient_cities": {
        "disabled": false,
        "salt": 20083232,
        "separation": 8,
        "spacing": 24
      },
      "minecraft:buried_treasures": {
        "disabled": false,
        "salt": 0,
        "separation": 0,
        "spacing": 1
      },
      "minecraft:desert_pyramids": {
        "disabled": false,
        "salt": 14357617,
        "separation": 8,
        "spacing": 32
      },
      "minecraft:igloos": {
        "disabled": false,
        "salt": 14357618,
        "separation": 8,
        "spacing": 32
      },
      "minecraft:jungle_temples": {
        "disabled": false,
        "salt": 14357619,
        "separation": 8,
        "spacing": 32
      },
      "minecraft:mineshafts": {
        "disabled": false,
        "salt": 0,
        "separation": 0,
        "spacing": 1
      },
      "minecraft:ocean_monuments": {
        "disabled": false,
        "salt": 10387313,
        "separation": 5,
        "spacing": 32
      },
      "minecraft:ocean_ruins": {
        "disabled": false,
        "salt": 14357621,
        "separation": 8,
        "spacing": 20
      },
      "minecraft:pillager_outposts": {
        "disabled": false,
        "salt": 165745296,
        "separation": 8,
        "spacing": 32
      },
      "minecraft:ruined_portals": {
        "disabled": false,
        "salt": 34222645,
        "separation": 15,
        "spacing": 40
      },
      "minecraft:shipwrecks": {
        "disabled": false,
        "salt": 165745295,
        "separation": 4,
        "spacing": 24
      },
      "minecraft:swamp_huts": {
        "disabled": false,
        "salt": 14357620,
        "separation": 8,
        "spacing": 32
      },
      "minecraft:trail_ruins": {
        "disabled": false,
        "salt": 83469867,
        "separation": 8,
        "spacing": 34
      },
      "minecraft:villages": {
        "disabled": false,
        "salt": 10387312,
        "separation": 8,
        "spacing": 34
      },
      "minecraft:woodland_mansions": {
        "disabled": false,
        "salt": 10387319,
        "separation": 20,
        "spacing": 80
      },
      "spelunkery:cinnabar_wires": {
        "disabled": false,
        "salt": 20696932,
        "separation": 8,
        "spacing": 24
      },
      "supplementaries:way_signs": {
        "disabled": false,
        "salt": 431041527,
        "separation": 10,
        "spacing": 19
      },
      "swampier_swamps:village": {
        "disabled": false,
        "salt": 361757362,
        "separation": 8,
        "spacing": 34
      }
    }
  },
  "surface": {
    "erosion": {
      "dirtMin": 95,
      "dirtSteepness": 0.475,
      "dirtVariance": 40,
      "rockMin": 256,
      "rockSteepness": 0.65,
      "rockVariance": 30,
      "screeSteepness": 0.4
    }
  },
  "terrain": {
    "badlands": {
      "baseScale": 1.0,
      "horizontalScale": 1.0,
      "verticalScale": 1.0,
      "weight": 1.0
    },
    "dales": {
      "baseScale": 1.0,
      "horizontalScale": 1.0,
      "verticalScale": 1.0,
      "weight": 1.5
    },
    "general": {
      "fancyMountains": true,
      "globalHorizontalScale": 1.0,
      "globalVerticalScale": 0.96,
      "legacyMountainScaling": false,
      "terrainRegionSize": 1200,
      "terrainSeedOffset": 0
    },
    "hills": {
      "baseScale": 1.0,
      "horizontalScale": 1.0,
      "verticalScale": 1.0,
      "weight": 2.0
    },
    "mountains": {
      "baseScale": 1.0,
      "horizontalScale": 1.0,
      "verticalScale": 1.0,
      "weight": 2.5
    },
    "plains": {
      "baseScale": 1.0,
      "horizontalScale": 1.0,
      "verticalScale": 1.0,
      "weight": 2.0
    },
    "plateau": {
      "baseScale": 1.0,
      "horizontalScale": 1.0,
      "verticalScale": 1.0,
      "weight": 1.5
    },
    "steppe": {
      "baseScale": 1.0,
      "horizontalScale": 1.0,
      "verticalScale": 1.0,
      "weight": 1.0
    },
    "torridonian": {
      "baseScale": 1.0,
      "horizontalScale": 1.0,
      "verticalScale": 1.0,
      "weight": 2.0
    },
    "volcano": {
      "baseScale": 1.0,
      "horizontalScale": 1.0,
      "verticalScale": 1.0,
      "weight": 5.0
    }
  },
  "world": {
    "continent": {
      "continentJitter": 0.7,
      "continentScale": 3000,
      "continentType": "MULTI"
    },
    "controlPoints": {
      "beach": 0.327,
      "coast": 0.448,
      "deepOcean": 0.1,
      "inland": 0.502,
      "shallowOcean": 0.25
    },
    "properties": {
      "seaLevel": 63,
      "spawnType": "CONTINENT_CENTER",
      "worldHeight": 512
    }
  }
}