{
  "type": "reterraforged:scale",
  "scale": 0.53900003,
  "source": {
    "type": "reterraforged:mul",
    "modules": [
      {
        "type": "reterraforged:warp",
        "domain": {
          "type": "reterraforged:domain_warp",
          "distance": 200.0,
          "x": {
            "type": "reterraforged:shift",
            "amount": 26,
            "source": {
              "type": "reterraforged:perlin",
              "frequency": 0.0025,
              "octaves": 3
            }
          },
          "y": {
            "type": "reterraforged:shift",
            "amount": 27,
            "source": {
              "type": "reterraforged:perlin",
              "frequency": 0.0025,
              "octaves": 3
            }
          }
        },
        "source": {
          "type": "reterraforged:warp",
          "domain": {
            "type": "reterraforged:domain_warp",
            "distance": 20.0,
            "x": {
              "type": "reterraforged:shift",
              "amount": 25,
              "source": {
                "type": "reterraforged:perlin",
                "frequency": 0.033333335,
                "octaves": 3
              }
            },
            "y": {
              "type": "reterraforged:shift",
              "amount": 26,
              "source": {
                "type": "reterraforged:perlin",
                "frequency": 0.033333335,
                "octaves": 3
              }
            }
          },
          "source": {
            "type": "reterraforged:mul",
            "modules": [
              {
                "type": "reterraforged:shift",
                "amount": 23,
                "source": {
                  "type": "reterraforged:cubic",
                  "frequency": 0.0078125,
                  "octaves": 2
                }
              },
              {
                "type": "reterraforged:alpha",
                "alpha": 0.075,
                "source": {
                  "type": "reterraforged:shift",
                  "amount": 24,
                  "source": {
                    "type": "reterraforged:perlin",
                    "frequency": 0.03125,
                    "octaves": 4
                  }
                }
              }
            ]
          }
        }
      },
      {
        "type": "reterraforged:alpha",
        "alpha": 0.8,
        "source": {
          "type": "reterraforged:shift",
          "amount": 27,
          "source": {
            "type": "reterraforged:ridge",
            "frequency": 0.001953125,
            "gain": 0.5,
            "interpolation": "curve3",
            "lacunarity": 2.0,
            "octaves": 2
          }
        }
      }
    ]
  }
}