{
  "type": "reterraforged:threshold",
  "above": "reterraforged:terrain/erosion_levels/level_2",
  "alpha": {
    "type": "reterraforged:blend",
    "blendRange": 0.15,
    "control": {
      "type": "reterraforged:warp",
      "domain": {
        "type": "reterraforged:domain_warp",
        "distance": "reterraforged:terrain/dales/warp_power",
        "x": "reterraforged:terrain/dales/warp_x",
        "y": "reterraforged:terrain/dales/warp_y"
      },
      "source": "reterraforged:terrain/dales/selector"
    },
    "midpoint": 0.4,
    "source0": {
      "type": "reterraforged:warp",
      "domain": {
        "type": "reterraforged:domain_warp",
        "distance": "reterraforged:terrain/dales/warp_power",
        "x": "reterraforged:terrain/dales/warp_x",
        "y": "reterraforged:terrain/dales/warp_y"
      },
      "source": "reterraforged:terrain/dales/hills_1"
    },
    "source1": 0.0
  },
  "below": "reterraforged:terrain/erosion_levels/level_4",
  "threshold": 0.2
}