{
  "type": "reterraforged:scale",
  "scale": 0.4,
  "source": {
    "type": "reterraforged:warp",
    "domain": {
      "type": "reterraforged:domain_warp",
      "distance": "reterraforged:terrain/dales/warp_power",
      "x": "reterraforged:terrain/dales/warp_x",
      "y": "reterraforged:terrain/dales/warp_y"
    },
    "source": {
      "type": "reterraforged:power",
      "power": 1.125,
      "source": {
        "type": "reterraforged:blend",
        "blendRange": 0.75,
        "control": "reterraforged:terrain/dales/selector",
        "midpoint": 0.4,
        "source0": "reterraforged:terrain/dales/hills_1",
        "source1": "reterraforged:terrain/dales/hills_2"
      }
    }
  }
}