{
  "type": "reterraforged:warp",
  "domain": {
    "type": "reterraforged:domain_warp",
    "distance": 20.0,
    "x": {
      "type": "reterraforged:shift",
      "amount": 17,
      "source": {
        "type": "reterraforged:perlin",
        "frequency": 0.025,
        "octaves": 2
      }
    },
    "y": {
      "type": "reterraforged:shift",
      "amount": 18,
      "source": {
        "type": "reterraforged:perlin",
        "frequency": 0.025,
        "octaves": 2
      }
    }
  },
  "source": {
    "type": "reterraforged:scale",
    "scale": 0.05,
    "source": {
      "type": "reterraforged:shift",
      "amount": 16,
      "source": {
        "type": "reterraforged:perlin",
        "frequency": 0.05,
        "octaves": 3
      }
    }
  }
}