{
  "type": "reterraforged:mul",
  "modules": [
    {
      "type": "reterraforged:scale",
      "scale": 0.15,
      "source": {
        "type": "reterraforged:warp",
        "domain": {
          "type": "reterraforged:domain_warp",
          "distance": 20.0,
          "x": {
            "type": "reterraforged:shift",
            "amount": 15,
            "source": {
              "type": "reterraforged:perlin",
              "frequency": 0.025,
              "octaves": 2
            }
          },
          "y": {
            "type": "reterraforged:shift",
            "amount": 16,
            "source": {
              "type": "reterraforged:perlin",
              "frequency": 0.025,
              "octaves": 2
            }
          }
        },
        "source": {
          "type": "reterraforged:warp",
          "domain": {
            "type": "reterraforged:domain_warp",
            "distance": 150.0,
            "x": {
              "type": "reterraforged:shift",
              "amount": 14,
              "source": {
                "type": "reterraforged:perlin",
                "frequency": 0.0033333334
              }
            },
            "y": {
              "type": "reterraforged:shift",
              "amount": 15,
              "source": {
                "type": "reterraforged:perlin",
                "frequency": 0.0033333334
              }
            }
          },
          "source": {
            "type": "reterraforged:shift",
            "amount": 13,
            "source": {
              "type": "reterraforged:ridge",
              "frequency": 0.006666667,
              "gain": 0.5,
              "interpolation": "curve3",
              "lacunarity": 2.45,
              "octaves": 3
            }
          }
        }
      }
    },
    {
      "type": "reterraforged:map",
      "max": 1.0,
      "min": 0.0,
      "source": {
        "type": "reterraforged:clamp",
        "max": 0.1,
        "min": 0.02,
        "source": "reterraforged:terrain/plateau/valley"
      }
    }
  ]
}