{
  "type": "reterraforged:warp",
  "domain": {
    "type": "reterraforged:domain_warp",
    "distance": 15.0,
    "x": {
      "type": "reterraforged:shift",
      "amount": 12,
      "source": {
        "type": "reterraforged:perlin",
        "frequency": 0.05
      }
    },
    "y": {
      "type": "reterraforged:shift",
      "amount": 13,
      "source": {
        "type": "reterraforged:perlin",
        "frequency": 0.05
      }
    }
  },
  "source": {
    "type": "reterraforged:warp",
    "domain": {
      "type": "reterraforged:domain_warp",
      "distance": 150.0,
      "x": {
        "type": "reterraforged:shift",
        "amount": 11,
        "source": {
          "type": "reterraforged:perlin",
          "frequency": 0.01
        }
      },
      "y": {
        "type": "reterraforged:shift",
        "amount": 12,
        "source": {
          "type": "reterraforged:perlin",
          "frequency": 0.01
        }
      }
    },
    "source": {
      "type": "reterraforged:invert",
      "source": {
        "type": "reterraforged:shift",
        "amount": 10,
        "source": {
          "type": "reterraforged:ridge",
          "frequency": 0.002,
          "gain": 0.5,
          "interpolation": "curve3",
          "lacunarity": 2.0,
          "octaves": 1
        }
      }
    }
  }
}