{
  "type": "reterraforged:scale",
  "scale": 0.475,
  "source": {
    "type": "reterraforged:add",
    "modules": [
      {
        "type": "reterraforged:terrace",
        "blend": 0.4,
        "cliff": 0.15,
        "ramp": 0.9,
        "ramp_height": 0.35,
        "source": {
          "type": "reterraforged:add",
          "modules": [
            {
              "type": "reterraforged:mul",
              "modules": [
                "reterraforged:terrain/plateau/valley",
                {
                  "type": "reterraforged:bias",
                  "bias": 0.3,
                  "source": {
                    "type": "reterraforged:scale",
                    "scale": 0.6,
                    "source": {
                      "type": "reterraforged:shift",
                      "amount": 18,
                      "source": {
                        "type": "reterraforged:cubic",
                        "frequency": 0.002
                      }
                    }
                  }
                }
              ]
            },
            "reterraforged:terrain/plateau/top"
          ]
        },
        "steps": 4
      },
      "reterraforged:terrain/plateau/surface"
    ]
  }
}