{
  "dimensions": {
    "minecraft:overworld": {
      "type": "minecraft:overworld",
      "generator": {
        "type": "terraforged:terraforged",
        "caves": [
          "terraforged:mega",
          "terraforged:mega_deep",
          "terraforged:synapse_high",
          "terraforged:synapse_low",
          "terraforged:synapse_mid",
          "terraforged:iron_vein",
          "terraforged:copper_vein",
          "terraforged:deep_lava_gen"
        ],
        "climates": [
          {
            "climate": "terraforged:temperate",
            "continentalness": [
              0.51,
              1.0
            ],
            "height": [
              0.18,
              0.35
            ],
            "moisture": [
              0.0,
              1.0
            ],
            "river": [
              0.05,
              1.0
            ],
            "temperature": [
              0.3,
              0.7
            ]
          },
          {
            "climate": "terraforged:temperate_low",
            "continentalness": [
              0.51,
              1.0
            ],
            "height": [
              0.15,
              0.18
            ],
            "moisture": [
              0.0,
              1.0
            ],
            "river": [
              0.05,
              1.0
            ],
            "temperature": [
              0.3,
              0.7
            ]
          },
          {
            "climate": "terraforged:desert",
            "continentalness": [
              0.51,
              1.0
            ],
            "height": [
              0.15,
              0.35
            ],
            "moisture": [
              0.0,
              0.3
            ],
            "river": [
              0.05,
              1.0
            ],
            "temperature": [
              0.7,
              1.0
            ]
          },
          {
            "climate": "terraforged:desert_high_low",
            "continentalness": [
              0.51,
              1.0
            ],
            "height": 0.45,
            "moisture": [
              0.0,
              0.3
            ],
            "river": [
              0.05,
              1.0
            ],
            "temperature": [
              0.7,
              1.0
            ]
          },
          {
            "climate": "terraforged:desert_high_mid",
            "continentalness": [
              0.51,
              1.0
            ],
            "height": 0.55,
            "moisture": [
              0.0,
              0.3
            ],
            "river": [
              0.05,
              1.0
            ],
            "temperature": [
              0.7,
              1.0
            ]
          },
          {
            "climate": "terraforged:badlands",
            "continentalness": [
              0.51,
              1.0
            ],
            "height": [
              0.15,
              0.35
            ],
            "moisture": [
              0.3,
              0.45
            ],
            "river": [
              0.05,
              1.0
            ],
            "temperature": [
              0.7,
              1.0
            ]
          },
          {
            "climate": "terraforged:badlands_high_low",
            "continentalness": [
              0.51,
              1.0
            ],
            "height": 0.45,
            "moisture": [
              0.3,
              0.45
            ],
            "river": [
              0.05,
              1.0
            ],
            "temperature": [
              0.7,
              1.0
            ]
          },
          {
            "climate": "terraforged:badlands_high_mid",
            "continentalness": [
              0.51,
              1.0
            ],
            "height": 0.55,
            "moisture": [
              0.3,
              0.45
            ],
            "river": [
              0.05,
              1.0
            ],
            "temperature": [
              0.7,
              1.0
            ]
          },
          {
            "climate": "terraforged:savanna",
            "continentalness": [
              0.51,
              1.0
            ],
            "height": [
              0.15,
              0.35
            ],
            "moisture": [
              0.45,
              0.7
            ],
            "river": [
              0.05,
              1.0
            ],
            "temperature": [
              0.7,
              1.0
            ]
          },
          {
            "climate": "terraforged:savanna_high_low",
            "continentalness": [
              0.51,
              1.0
            ],
            "height": 0.45,
            "moisture": [
              0.45,
              0.7
            ],
            "river": [
              0.05,
              1.0
            ],
            "temperature": [
              0.7,
              1.0
            ]
          },
          {
            "climate": "terraforged:savanna_high_mid",
            "continentalness": [
              0.51,
              1.0
            ],
            "height": 0.55,
            "moisture": [
              0.45,
              0.7
            ],
            "river": [
              0.05,
              1.0
            ],
            "temperature": [
              0.7,
              1.0
            ]
          },
          {
            "climate": "terraforged:jungle",
            "continentalness": [
              0.51,
              1.0
            ],
            "height": [
              0.15,
              0.35
            ],
            "moisture": [
              0.70,
              1.0
            ],
            "river": [
              0.05,
              1.0
            ],
            "temperature": [
              0.7,
              1.0
            ]
          },
          {
            "climate": "terraforged:jungle_high_low",
            "continentalness": [
              0.51,
              1.0
            ],
            "height": 0.45,
            "moisture": [
              0.7,
              1.0
            ],
            "river": [
              0.05,
              1.0
            ],
            "temperature": [
              0.7,
              1.0
            ]
          },
          {
            "climate": "terraforged:jungle_high_mid",
            "continentalness": [
              0.51,
              1.0
            ],
            "height": 0.55,
            "moisture": [
              0.7,
              1.0
            ],
            "river": [
              0.05,
              1.0
            ],
            "temperature": [
              0.7,
              1.0
            ]
          },
          {
            "climate": "terraforged:cold",
            "continentalness": [
              0.51,
              1.0
            ],
            "height": [
              0.15,
              0.35
            ],
            "moisture": [
              0.0,
              1.0
            ],
            "river": [
              0.05,
              1.0
            ],
            "temperature": [
              0.12,
              0.3
            ]
          },
          {
            "climate": "terraforged:snowy",
            "continentalness": [
              0.51,
              1.0
            ],
            "height": [
              0.15,
              0.35
            ],
            "moisture": [
              0.0,
              1.0
            ],
            "river": [
              0.05,
              1.0
            ],
            "temperature": [
              0.0,
              0.12
            ]
          },
          {
            "climate": "terraforged:snowy_high_low",
            "continentalness": [
              0.51,
              1.0
            ],
            "height": 0.45,
            "moisture": [
              0.0,
              1.0
            ],
            "river": [
              0.05,
              1.0
            ],
            "temperature": [
              0.0,
              0.32
            ]
          },
          {
            "climate": "terraforged:snowy_high_mid",
            "continentalness": [
              0.51,
              1.0
            ],
            "height": 0.55,
            "moisture": [
              0.0,
              1.0
            ],
            "river": [
              0.05,
              1.0
            ],
            "temperature": [
              0.0,
              0.32
            ]
          },
          {
            "climate": "terraforged:high_low",
            "continentalness": [
              0.51,
              1.0
            ],
            "height": 0.45,
            "moisture": [
              0.0,
              1.0
            ],
            "river": [
              0.05,
              1.0
            ],
            "temperature": [
              0.32,
              0.7
            ]
          },
          {
            "climate": "terraforged:high_mid",
            "continentalness": [
              0.51,
              1.0
            ],
            "height": 0.55,
            "moisture": [
              0.0,
              1.0
            ],
            "river": [
              0.05,
              1.0
            ],
            "temperature": [
              0.32,
              0.7
            ]
          },
          {
            "climate": "terraforged:peak",
            "continentalness": [
              0.51,
              1.0
            ],
            "height": [
              0.65,
              1.0
            ],
            "moisture": [
              0.0,
              1.0
            ],
            "river": [
              0.05,
              1.0
            ],
            "temperature": [
              0.0,
              0.7
            ]
          },
          {
            "climate": "terraforged:warm_peak",
            "continentalness": [
              0.51,
              1.0
            ],
            "height": [
              0.65,
              1.0
            ],
            "moisture": [
              0.0,
              1.0
            ],
            "river": [
              0.05,
              1.0
            ],
            "temperature": [
              0.7,
              1.0
            ]
          },
          {
            "climate": "terraforged:temperate_river",
            "continentalness": [
              0.51,
              1.0
            ],
            "height": [
              0.0,
              1.0
            ],
            "moisture": [
              0.0,
              1.0
            ],
            "river": [
              0.0,
              0.05
            ],
            "temperature": [
              0.3,
              1.0
            ]
          },
          {
            "climate": "terraforged:cold_river",
            "continentalness": [
              0.51,
              1.0
            ],
            "height": [
              0.0,
              1.0
            ],
            "moisture": [
              0.0,
              1.0
            ],
            "river": [
              0.0,
              0.05
            ],
            "temperature": [
              0.12,
              0.3
            ]
          },
                    {
            "climate": "terraforged:frozen_river",
            "continentalness": [
              0.51,
              1.0
            ],
            "height": [
              0.0,
              1.0
            ],
            "moisture": [
              0.0,
              1.0
            ],
            "river": [
              0.0,
              0.05
            ],
            "temperature": [
              0.0,
              0.12
            ]
          },
          {
            "climate": "terraforged:temperate_beach",
            "continentalness": [
              0.45,
              0.51
            ],
            "height": [
              0.12,
              0.15
            ],
            "moisture": [
              0.0,
              1.0
            ],
            "river": [
              0.0,
              1.0
            ],
            "temperature": [
              0.3,
              1.0
            ]
          },
          {
            "climate": "terraforged:cold_beach",
            "continentalness": [
              0.45,
              0.51
            ],
            "height": [
              0.12,
              0.15
            ],
            "moisture": [
              0.0,
              1.0
            ],
            "river": [
              0.0,
              1.0
            ],
            "temperature": [
              0.12,
              0.3
            ]
          },
                    {
            "climate": "terraforged:snowy_beach",
            "continentalness": [
              0.45,
              0.51
            ],
            "height": [
              0.12,
              0.15
            ],
            "moisture": [
              0.0,
              1.0
            ],
            "river": [
              0.0,
              1.0
            ],
            "temperature": [
              0.0,
              0.12
            ]
          },
          {
            "climate": "terraforged:temperate_ocean",
            "continentalness": [
              0.01,
              0.45
            ],
            "height": [
              0.0,
              1.0
            ],
            "moisture": [
              0.0,
              1.0
            ],
            "river": [
              0.0,
              1.0
            ],
            "temperature": [
              0.3,
              0.6
            ]
          },
          {
            "climate": "terraforged:cold_ocean",
            "continentalness": [
              0.01,
              0.45
            ],
            "height": [
              0.0,
              1.0
            ],
            "moisture": [
              0.0,
              1.0
            ],
            "river": [
              0.0,
              1.0
            ],
            "temperature": [
              0.12,
              0.3
            ]
          },
                    {
            "climate": "terraforged:frozen_ocean",
            "continentalness": [
              0.01,
              0.45
            ],
            "height": [
              0.0,
              1.0
            ],
            "moisture": [
              0.0,
              1.0
            ],
            "river": [
              0.0,
              1.0
            ],
            "temperature": [
              0.0,
              0.12
            ]
          },
          {
            "climate": "terraforged:warm_ocean",
            "continentalness": [
              0.01,
              0.45
            ],
            "height": [
              0.0,
              1.0
            ],
            "moisture": [
              0.0,
              1.0
            ],
            "river": [
              0.0,
              1.0
            ],
            "temperature": [
              0.6,
              1.0
            ]
          },
          {
            "climate": "terraforged:deep_temperate_ocean",
            "continentalness": [
              0.0,
              0.01
            ],
            "height": [
              0.0,
              1.0
            ],
            "moisture": [
              0.0,
              1.0
            ],
            "river": [
              0.0,
              1.0
            ],
            "temperature": [
              0.3,
              0.6
            ]
          },
          {
            "climate": "terraforged:deep_cold_ocean",
            "continentalness": [
              0.0,
              0.01
            ],
            "height": [
              0.0,
              1.0
            ],
            "moisture": [
              0.0,
              1.0
            ],
            "river": [
              0.0,
              1.0
            ],
            "temperature": [
              0.12,
              0.3
            ]
          },
                    {
            "climate": "terraforged:deep_frozen_ocean",
            "continentalness": [
              0.0,
              0.01
            ],
            "height": [
              0.0,
              1.0
            ],
            "moisture": [
              0.0,
              1.0
            ],
            "river": [
              0.0,
              1.0
            ],
            "temperature": [
              0.0,
              0.12
            ]
          },
          {
            "climate": "terraforged:deep_warm_ocean",
            "continentalness": [
              0.0,
              0.01
            ],
            "height": [
              0.0,
              1.0
            ],
            "moisture": [
              0.0,
              1.0
            ],
            "river": [
              0.0,
              1.0
            ],
            "temperature": [
              0.6,
              1.0
            ]
          }
        ],
        "levels": {
          "base_height": 128,
          "max_y": 480,
          "min_y": -64,
          "sea_floor": 22,
          "sea_level": 62
        },
        "settings": {
          "climate": {
            "biome_shape": {
              "biome_size": 225,
              "biome_warp_scale": 150,
              "biome_warp_strength": 80
            },
            "moisture": {
              "bias": 0.0,
              "falloff": 1,
              "max": 1.0,
              "min": 0.0,
              "scale": 6,
              "seed_offset": 7
            },
            "temperature": {
              "bias": 0.05,
              "falloff": 2,
              "max": 0.98,
              "min": 0.0,
              "scale": 6,
              "seed_offset": 7
            }
          },
          "erosion": {
            "deposite_rate": 0.5,
            "droplet_lifetime": 12,
            "droplet_velocity": 0.7,
            "droplet_volume": 0.7,
            "droplets_per_chunk": 135,
            "erosion_rate": 0.5
          },
          "world": {
            "continent_scale": 600,
            "control_points": {
              "beach": 0.327,
              "coast": 0.448,
              "deep_ocean": 0.1,
              "inland": 0.502,
              "shallow_ocean": 0.25
            }
          }
        },
        "terrain": [
          {
            "value": "terraforged:steppe",
            "weight": 0.55
          },
          {
            "value": "terraforged:plains",
            "weight": 0.65
          },
          {
            "value": "terraforged:hills_1",
            "weight": 0.55
          },
          {
            "value": "terraforged:hills_2",
            "weight": 0.55
          },
          {
            "value": "terraforged:dales",
            "weight": 0.65
          },
          {
            "value": "terraforged:plateau",
            "weight": 0.45
          },
          {
            "value": "terraforged:badlands",
            "weight": 0.65
          },
          {
            "value": "terraforged:torridonian",
            "weight": 0.65
          },
          {
            "value": "terraforged:mountains_1",
            "weight": 0.45
          },
          {
            "value": "terraforged:mountains_2",
            "weight": 0.45
          },
          {
            "value": "terraforged:mountains_3",
            "weight": 0.45
          },
          {
            "value": "terraforged:dolomites",
            "weight": 0.65
          },
          {
            "value": "terraforged:mountains_ridge_1",
            "weight": 0.55
          },
          {
            "value": "terraforged:mountains_ridge_2",
            "weight": 0.55
          }
        ],
        "vegetation": [
          "terraforged:trees_copse",
          "terraforged:trees_hardy",
          "terraforged:trees_hardy_slopes",
          "terraforged:trees_patchy",
          "terraforged:trees_rainforest",
          "terraforged:trees_sparse",
          "terraforged:trees_sparse_rainforest",
          "terraforged:trees_temperate"
        ]
      }
    },
    "minecraft:the_end": {
      "type": "minecraft:the_end",
      "generator": {
        "type": "minecraft:noise",
        "biome_source": {
          "type": "minecraft:the_end"
        },
        "settings": "minecraft:end"
      }
    },
    "minecraft:the_nether": {
      "type": "minecraft:the_nether",
      "generator": {
        "type": "minecraft:noise",
        "biome_source": {
          "type": "minecraft:multi_noise",
          "preset": "minecraft:nether"
        },
        "settings": "minecraft:nether"
      }
    }
  }
}