{
  "parent": "block/block",
  "textures": {
    "inside": "ae2:block/drive/drive_inside",
    "particle": "ae2:block/drive/drive_side",
    "side": "ae2:block/drive/drive_side",
    "bottom": "ae2:block/drive/drive_side",
    "top": "ae2:block/drive/drive_side",
    "front": "ae2:block/drive/drive_front",
    "front_flat": "ae2:block/drive/drive_front_flat"
  },
  "elements": [
    {
      "name": "Right Side Panel",
      "from": [0, 1, 0],
      "to": [2, 15, 16],
      "faces": {
        "north": {
          "uv": [14, 1, 16, 15],
          "texture": "#front",
          "cullface": "north"
        },
        "east": {
          "uv": [0, 0, 16, 16],
          "rotation": 180,
          "texture": "#inside",
          "cullface": "north"
        },
        "south": {
          "uv": [0, 1, 2, 15],
          "texture": "#side",
          "cullface": "south"
        },
        "west": { "uv": [0, 1, 16, 15], "texture": "#side", "cullface": "west" }
      }
    },
    {
      "name": "Left Side Panel",
      "from": [14, 1, 0],
      "to": [16, 15, 16],
      "faces": {
        "north": {
          "uv": [0, 1, 2, 15],
          "texture": "#front",
          "cullface": "north"
        },
        "east": {
          "uv": [0, 1, 16, 15],
          "texture": "#side",
          "cullface": "east"
        },
        "south": {
          "uv": [14, 1, 16, 15],
          "texture": "#side",
          "cullface": "south"
        },
        "west": {
          "uv": [0, 0, 16, 16],
          "texture": "#inside",
          "cullface": "north"
        }
      }
    },
    {
      "name": "Back Panel",
      "from": [1, 1, 2],
      "to": [15, 15, 16],
      "rotation": { "angle": 0, "axis": "y", "origin": [8, 8, 9] },
      "faces": {
        "north": { "uv": [1, 1, 15, 15], "texture": "#front_flat" },
        "south": {
          "uv": [1, 1, 15, 15],
          "texture": "#side",
          "cullface": "south"
        }
      }
    },
    {
      "name": "Bottom Panel",
      "from": [0, 0, 0],
      "to": [16, 1, 16],
      "faces": {
        "north": {
          "uv": [0, 15, 16, 16],
          "texture": "#front",
          "cullface": "north"
        },
        "east": {
          "uv": [0, 15, 16, 16],
          "texture": "#side",
          "cullface": "east"
        },
        "south": {
          "uv": [0, 15, 16, 16],
          "texture": "#side",
          "cullface": "south"
        },
        "west": {
          "uv": [0, 15, 16, 16],
          "texture": "#side",
          "cullface": "west"
        },
        "up": {
          "uv": [0, 0, 16, 16],
          "rotation": 90,
          "texture": "#inside",
          "cullface": "north"
        },
        "down": {
          "uv": [0, 0, 16, 16],
          "texture": "#bottom",
          "cullface": "down"
        }
      }
    },
    {
      "name": "Top Panel",
      "from": [0, 15, 0],
      "to": [16, 16, 16],
      "faces": {
        "north": {
          "uv": [0, 0, 16, 1],
          "texture": "#front",
          "cullface": "north"
        },
        "east": { "uv": [0, 0, 16, 1], "texture": "#side", "cullface": "east" },
        "south": {
          "uv": [0, 0, 16, 1],
          "texture": "#side",
          "cullface": "south"
        },
        "west": { "uv": [0, 0, 16, 1], "texture": "#side", "cullface": "west" },
        "up": { "uv": [0, 0, 16, 16], "texture": "#top", "cullface": "up" },
        "down": {
          "uv": [0, 0, 16, 16],
          "rotation": 270,
          "texture": "#inside",
          "cullface": "north"
        }
      }
    },
    {
      "name": "Front",
      "from": [1, 1, 1.5],
      "to": [15, 15, 1.5],
      "faces": {
        "north": {
          "uv": [1, 1, 15, 15],
          "texture": "#front",
          "cullface": "north"
        }
      }
    }
  ]
}
