{
  "type": "minecraft:delta_feature",
  "config": {
    "contents": {
      "Name": "minecraft:water",
      "Properties": {
        "level": "0"
      }
    },
    "rim": {
      "Name": "minecraft:grass_block"
    },
    "rim_size": {
      "type": "minecraft:uniform",
      "value": {
        "max_inclusive": 16,
        "min_inclusive": 0
      }
    },
    "size": {
      "type": "minecraft:uniform",
      "value": {
        "max_inclusive": 16,
        "min_inclusive": 5
      }
    }
  }
}