{
  "type": "reterraforged:boost",
  "source": {
    "type": "reterraforged:map",
    "max": 1.0,
    "min": 0.0,
    "source": {
      "type": "reterraforged:warp",
      "domain": {
        "type": "reterraforged:domain_warp",
        "distance": 20.0,
        "x": {
          "type": "reterraforged:shift",
          "amount": 37,
          "source": {
            "type": "reterraforged:perlin",
            "frequency": 0.05,
            "octaves": 2
          }
        },
        "y": {
          "type": "reterraforged:shift",
          "amount": 38,
          "source": {
            "type": "reterraforged:perlin",
            "frequency": 0.05,
            "octaves": 2
          }
        }
      },
      "source": {
        "type": "reterraforged:warp",
        "domain": {
          "type": "reterraforged:domain_warp",
          "distance": 200.0,
          "x": {
            "type": "reterraforged:shift",
            "amount": 36,
            "source": {
              "type": "reterraforged:perlin",
              "frequency": 0.0033333334
            }
          },
          "y": {
            "type": "reterraforged:shift",
            "amount": 37,
            "source": {
              "type": "reterraforged:perlin",
              "frequency": 0.0033333334
            }
          }
        },
        "source": {
          "type": "reterraforged:shift",
          "amount": 35,
          "source": {
            "type": "reterraforged:perlin",
            "frequency": 0.006666667,
            "octaves": 4
          }
        }
      }
    }
  }
}