{
  "type": "reterraforged:scale",
  "scale": 0.15,
  "source": {
    "type": "reterraforged:warp",
    "domain": {
      "type": "reterraforged:domain_warp",
      "distance": 40.0,
      "x": {
        "type": "reterraforged:shift",
        "amount": 34,
        "source": {
          "type": "reterraforged:perlin",
          "frequency": 0.05
        }
      },
      "y": {
        "type": "reterraforged:shift",
        "amount": 35,
        "source": {
          "type": "reterraforged:perlin",
          "frequency": 0.05
        }
      }
    },
    "source": {
      "type": "reterraforged:warp",
      "domain": {
        "type": "reterraforged:domain_warp",
        "distance": 150.0,
        "x": {
          "type": "reterraforged:shift",
          "amount": 33,
          "source": {
            "type": "reterraforged:perlin",
            "frequency": 0.0033333334
          }
        },
        "y": {
          "type": "reterraforged:shift",
          "amount": 34,
          "source": {
            "type": "reterraforged:perlin",
            "frequency": 0.0033333334
          }
        }
      },
      "source": {
        "type": "reterraforged:shift",
        "amount": 32,
        "source": {
          "type": "reterraforged:perlin",
          "frequency": 0.01,
          "octaves": 3
        }
      }
    }
  }
}