{
  "type": "reterraforged:scale",
  "scale": 0.5,
  "source": {
    "type": "reterraforged:boost",
    "source": {
      "type": "reterraforged:map",
      "max": 1.0,
      "min": 0.0,
      "source": {
        "type": "reterraforged:advanced_terrace",
        "blend_max": 0.3,
        "mask": {
          "type": "reterraforged:bias",
          "bias": 0.5,
          "source": {
            "type": "reterraforged:scale",
            "scale": 0.5,
            "source": {
              "type": "reterraforged:shift",
              "amount": 40,
              "source": {
                "type": "reterraforged:perlin",
                "frequency": 0.005
              }
            }
          }
        },
        "modulation": {
          "type": "reterraforged:scale",
          "scale": 0.25,
          "source": {
            "type": "reterraforged:shift",
            "amount": 39,
            "source": {
              "type": "reterraforged:perlin",
              "frequency": 0.008333334
            }
          }
        },
        "slope": 0.5,
        "source": {
          "type": "reterraforged:blend",
          "blendRange": 0.6,
          "control": "reterraforged:terrain/torridonian/selector",
          "midpoint": 0.6,
          "source0": "reterraforged:terrain/torridonian/plains",
          "source1": "reterraforged:terrain/torridonian/hills"
        },
        "steps": 6
      }
    }
  }
}