{
  "type": "reterraforged:warp",
  "domain": {
    "type": "reterraforged:domain_warp",
    "distance": 30.0,
    "x": {
      "type": "reterraforged:shift",
      "amount": 10,
      "source": {
        "type": "reterraforged:perlin",
        "frequency": 0.06666667,
        "octaves": 2
      }
    },
    "y": {
      "type": "reterraforged:shift",
      "amount": 11,
      "source": {
        "type": "reterraforged:perlin",
        "frequency": 0.06666667,
        "octaves": 2
      }
    }
  },
  "source": {
    "type": "reterraforged:warp",
    "domain": {
      "type": "reterraforged:domain_warp",
      "distance": 300.0,
      "x": {
        "type": "reterraforged:shift",
        "amount": 9,
        "source": {
          "type": "reterraforged:perlin",
          "frequency": 0.006666667,
          "octaves": 2
        }
      },
      "y": {
        "type": "reterraforged:shift",
        "amount": 10,
        "source": {
          "type": "reterraforged:perlin",
          "frequency": 0.006666667,
          "octaves": 2
        }
      }
    },
    "source": {
      "type": "reterraforged:shift",
      "amount": 8,
      "source": {
        "type": "reterraforged:cell",
        "cell_func": "cell_value",
        "dist_func": "EUCLIDEAN",
        "distance": 1.0,
        "frequency": 0.0016666667,
        "source": 0.0
      }
    }
  }
}