{
  "feature": "minecraft:ore_gravel",
  "placement": [
    {
      "type": "minecraft:count",
      "count": 14
    },
    {
      "type": "minecraft:in_square"
    },
    {
      "type": "minecraft:height_range",
      "height": {
        "type": "minecraft:uniform",
        "max_inclusive": {
          "below_top": 0
        },
        "min_inclusive": {
          "above_bottom": 0
        }
      }
    },
    {
      "type": "minecraft:biome"
    },
    {
      "type": "reterraforged:never"
    }
  ]
}