{
  "feature": "minecraft:spring_water",
  "placement": [
    {
      "type": "minecraft:count",
      "count": 25
    },
    {
      "type": "minecraft:in_square"
    },
    {
      "type": "minecraft:height_range",
      "height": {
        "type": "minecraft:uniform",
        "max_inclusive": {
          "absolute": 192
        },
        "min_inclusive": {
          "above_bottom": 0
        }
      }
    },
    {
      "type": "minecraft:biome"
    },
    {
      "type": "reterraforged:never"
    }
  ]
}