{
  "type": "reterraforged:scale",
  "scale": {
    "type": "reterraforged:bias",
    "bias": {
      "type": "reterraforged:scale",
      "scale": {
        "type": "reterraforged:mul",
        "modules": [
          "reterraforged:terrain/coast/height",
          0.15
        ]
      },
      "source": {
        "type": "reterraforged:shift",
        "amount": 4,
        "source": {
          "type": "reterraforged:perlin",
          "frequency": 0.005882353
        }
      }
    },
    "source": {
      "type": "reterraforged:mul",
      "modules": [
        "reterraforged:terrain/coast/height",
        0.7
      ]
    }
  },
  "source": {
    "type": "reterraforged:invert",
    "source": {
      "type": "reterraforged:power_curve",
      "power": 0.2,
      "source": {
        "type": "reterraforged:shift",
        "amount": 3,
        "source": {
          "type": "reterraforged:perlin",
          "frequency": 0.006666667,
          "octaves": 4
        }
      }
    }
  }
}