{
  "type": "reterraforged:warp",
  "domain": {
    "type": "reterraforged:domain_warp",
    "distance": 50.0,
    "x": {
      "type": "reterraforged:shift",
      "amount": 6,
      "source": {
        "type": "reterraforged:perlin",
        "frequency": 0.02,
        "octaves": 2
      }
    },
    "y": {
      "type": "reterraforged:shift",
      "amount": 7,
      "source": {
        "type": "reterraforged:perlin",
        "frequency": 0.02,
        "octaves": 2
      }
    }
  },
  "source": {
    "type": "reterraforged:blend",
    "blendRange": 0.65,
    "control": "reterraforged:terrain/deep_ocean/selector",
    "midpoint": 0.6,
    "source0": "reterraforged:terrain/deep_ocean/hills",
    "source1": "reterraforged:terrain/deep_ocean/canyons"
  }
}