{
  "type": "reterraforged:scale",
  "scale": {
    "type": "reterraforged:bias",
    "bias": {
      "type": "reterraforged:scale",
      "scale": {
        "type": "reterraforged:mul",
        "modules": [
          "reterraforged:terrain/coast/height",
          0.2
        ]
      },
      "source": {
        "type": "reterraforged:shift",
        "amount": 2,
        "source": {
          "type": "reterraforged:perlin",
          "frequency": 0.005
        }
      }
    },
    "source": {
      "type": "reterraforged:mul",
      "modules": [
        "reterraforged:terrain/coast/height",
        0.7
      ]
    }
  },
  "source": {
    "type": "reterraforged:shift",
    "amount": 1,
    "source": {
      "type": "reterraforged:perlin",
      "frequency": 0.006666667,
      "octaves": 3
    }
  }
}