{
  "feature": "minecraft:spring_lava_overworld",
  "placement": [
    {
      "type": "minecraft:count",
      "count": 8
    },
    {
      "type": "minecraft:in_square"
    },
    {
      "type": "minecraft:height_range",
      "height": {
        "type": "minecraft:very_biased_to_bottom",
        "inner": 8,
        "max_inclusive": {
          "absolute": 60
        },
        "min_inclusive": {
          "above_bottom": 0
        }
      }
    },
    {
      "type": "minecraft:biome"
    }
  ]
}