{
	"credit": "Made with Blockbench by Sea_Kerman",
	"parent": "block/orientable",
	"textures": {
		"Side": "ae2:block/charger_side",
		"particle": "ae2:block/charger",
		"Main": "ae2:block/charger",
		"Inside": "ae2:block/charger_inside"
	},
	"elements": [
		{
			"name": "LeftContactMount",
			"from": [13, 6, 6],
			"to": [14, 10, 10],
			"faces": {
				"north": {"uv": [5, 10, 11, 11], "rotation": 90, "texture": "#Inside"},
				"east": {"uv": [5, 5, 11, 11], "rotation": 270, "texture": "#Inside"},
				"south": {"uv": [5, 10, 11, 11], "rotation": 270, "texture": "#Inside"},
				"west": {"uv": [6, 6, 10, 10], "rotation": 270, "texture": "#Inside"},
				"up": {"uv": [5, 10, 9, 11], "rotation": 270, "texture": "#Inside"},
				"down": {"uv": [5, 10, 11, 11], "rotation": 270, "texture": "#Inside"}
			}
		},
		{
			"name": "RightContactMount",
			"from": [2, 6, 6],
			"to": [3, 10, 10],
			"faces": {
				"north": {"uv": [5, 10, 11, 11], "rotation": 270, "texture": "#Inside"},
				"east": {"uv": [6, 6, 10, 10], "rotation": 90, "texture": "#Inside"},
				"south": {"uv": [5, 10, 11, 11], "rotation": 90, "texture": "#Inside"},
				"west": {"uv": [5, 5, 11, 11], "rotation": 90, "texture": "#Inside"},
				"up": {"uv": [5, 10, 9, 11], "rotation": 90, "texture": "#Inside"},
				"down": {"uv": [5, 10, 11, 11], "rotation": 90, "texture": "#Inside"}
			}
		},
		{
			"name": "InsideTop",
			"from": [5, 13, 5],
			"to": [11, 14, 11],
			"faces": {
				"north": {"uv": [5, 10, 11, 11], "texture": "#Inside"},
				"east": {"uv": [5, 10, 11, 11], "texture": "#Inside"},
				"south": {"uv": [5, 10, 11, 11], "texture": "#Inside"},
				"west": {"uv": [5, 10, 11, 11], "texture": "#Inside"},
				"up": {"uv": [5, 5, 11, 11], "texture": "#Inside"},
				"down": {"uv": [5, 5, 11, 11], "texture": "#Inside"}
			}
		},
		{
			"name": "InsideBottom",
			"from": [5, 2, 5],
			"to": [11, 3, 11],
			"faces": {
				"north": {"uv": [5, 10, 11, 11], "rotation": 180, "texture": "#Inside"},
				"east": {"uv": [5, 10, 11, 11], "rotation": 180, "texture": "#Inside"},
				"south": {"uv": [5, 10, 11, 11], "rotation": 180, "texture": "#Inside"},
				"west": {"uv": [5, 10, 11, 11], "rotation": 180, "texture": "#Inside"},
				"up": {"uv": [5, 5, 11, 11], "rotation": 180, "texture": "#Inside"},
				"down": {"uv": [5, 5, 11, 11], "rotation": 180, "texture": "#Inside"}
			}
		},
		{
			"name": "Bottom",
			"from": [4, 0, 2],
			"to": [12, 2, 14],
			"faces": {
				"north": {"uv": [4, 14, 12, 16], "texture": "#Main"},
				"south": {"uv": [2, 0, 14, 2], "texture": "#missing"},
				"up": {"uv": [4, 0, 12, 12], "texture": "#Inside"},
				"down": {"uv": [4, 4, 12, 16], "texture": "#Main"}
			}
		},
		{
			"name": "Back",
			"from": [4, 0, 14],
			"to": [12, 16, 16],
			"faces": {
				"north": {"uv": [4, 0, 12, 16], "texture": "#Side"},
				"south": {"uv": [4, 0, 12, 16], "texture": "#Side"},
				"up": {"uv": [4, 14, 12, 16], "texture": "#Side"},
				"down": {"uv": [4, 14, 12, 16], "rotation": 180, "texture": "#Side"}
			}
		},
		{
			"name": "LeftFrame",
			"from": [12, 0, 14],
			"to": [14, 16, 16],
			"faces": {
				"north": {"uv": [14, 0, 16, 16], "rotation": 180, "texture": "#Side"},
				"east": {"uv": [2, 0, 0, 16], "rotation": 180, "texture": "#Side"},
				"south": {"uv": [0, 0, 2, 16], "rotation": 180, "texture": "#Side"},
				"up": {"uv": [14, 14, 16, 16], "texture": "#Side"},
				"down": {"uv": [14, 0, 16, 2], "texture": "#Side"}
			}
		},
		{
			"name": "RightFrame",
			"from": [2, 0, 14],
			"to": [4, 16, 16],
			"faces": {
				"north": {"uv": [14, 0, 16, 16], "texture": "#Side"},
				"south": {"uv": [0, 0, 2, 16], "texture": "#Side"},
				"west": {"uv": [2, 0, 0, 16], "texture": "#Side"},
				"up": {"uv": [14, 0, 16, 2], "rotation": 180, "texture": "#Side"},
				"down": {"uv": [14, 14, 16, 16], "rotation": 180, "texture": "#Side"}
			}
		},
		{
			"name": "LeftFrame",
			"from": [12, 0, 2],
			"to": [14, 2, 14],
			"faces": {
				"north": {"uv": [14, 0, 16, 2], "rotation": 180, "texture": "#Side"},
				"east": {"uv": [2, 0, 0, 12], "rotation": 90, "texture": "#Side"},
				"south": {"uv": [14, 14, 16, 16], "texture": "#Side"},
				"west": {"uv": [5, 0, 3, 16], "rotation": 270, "texture": "#Side"},
				"up": {"uv": [14, 0, 16, 12], "texture": "#Side"},
				"down": {"uv": [0, 0, 2, 12], "rotation": 180, "texture": "#Side"}
			}
		},
		{
			"name": "RightFrame",
			"from": [2, 0, 2],
			"to": [4, 2, 14],
			"faces": {
				"north": {"uv": [14, 14, 16, 16], "texture": "#Side"},
				"east": {"uv": [5, 0, 3, 16], "rotation": 270, "texture": "#Side"},
				"south": {"uv": [14, 0, 16, 2], "rotation": 180, "texture": "#Side"},
				"west": {"uv": [2, 4, 0, 16], "rotation": 90, "texture": "#Side"},
				"up": {"uv": [0, 0, 2, 12], "texture": "#Side"},
				"down": {"uv": [0, 4, 2, 16], "texture": "#Side"}
			}
		},
		{
			"name": "LeftFrame",
			"from": [2, 14, 2],
			"to": [4, 16, 14],
			"rotation": {"angle": 0, "axis": "z", "origin": [8, 17, 0]},
			"faces": {
				"north": {"uv": [14, 0, 16, 2], "texture": "#Side"},
				"east": {"uv": [5, 0, 3, 16], "rotation": 90, "texture": "#Side"},
				"south": {"uv": [14, 14, 16, 16], "rotation": 180, "texture": "#Side"},
				"west": {"uv": [2, 0, 0, 12], "rotation": 270, "texture": "#Side"},
				"up": {"uv": [0, 0, 2, 12], "texture": "#Side"},
				"down": {"uv": [14, 0, 16, 12], "rotation": 180, "texture": "#Side"}
			}
		},
		{
			"name": "Bottom",
			"from": [4, 14, 2],
			"to": [12, 16, 14],
			"rotation": {"angle": 0, "axis": "z", "origin": [8, 17, 0]},
			"faces": {
				"north": {"uv": [4, 14, 12, 16], "rotation": 180, "texture": "#Main"},
				"south": {"uv": [2, 0, 14, 2], "rotation": 180, "texture": "#missing"},
				"up": {"uv": [4, 4, 12, 16], "rotation": 180, "texture": "#Main"},
				"down": {"uv": [4, 0, 12, 12], "rotation": 180, "texture": "#Inside"}
			}
		},
		{
			"name": "RightFrame",
			"from": [12, 14, 2],
			"to": [14, 16, 14],
			"rotation": {"angle": 0, "axis": "z", "origin": [8, 17, 0]},
			"faces": {
				"north": {"uv": [14, 14, 16, 16], "rotation": 180, "texture": "#Side"},
				"east": {"uv": [2, 4, 0, 16], "rotation": 270, "texture": "#Side"},
				"south": {"uv": [14, 0, 16, 2], "texture": "#Side"},
				"west": {"uv": [5, 0, 3, 16], "rotation": 90, "texture": "#Side"},
				"up": {"uv": [0, 4, 2, 16], "rotation": 180, "texture": "#Side"},
				"down": {"uv": [0, 0, 2, 12], "rotation": 180, "texture": "#Side"}
			}
		},
		{
			"name": "LeftPort",
			"from": [14, 5, 5],
			"to": [16, 11, 11],
			"faces": {
				"north": {"uv": [0, 5, 2, 11], "texture": "#Side"},
				"east": {"uv": [5, 5, 11, 11], "texture": "#Side"},
				"south": {"uv": [14, 5, 16, 11], "texture": "#Side"},
				"west": {"uv": [5, 5, 11, 11], "texture": "#Main"},
				"up": {"uv": [5, 2, 11, 0], "rotation": 270, "texture": "#Side"},
				"down": {"uv": [5, 14, 11, 16], "rotation": 270, "texture": "#Side"}
			}
		},
		{
			"name": "LeftStrut",
			"from": [13, 6, 10],
			"to": [15, 10, 15],
			"faces": {
				"north": {"uv": [7, 15, 9, 16], "rotation": 90, "texture": "#Side"},
				"east": {"uv": [14, 5, 15, 10], "rotation": 90, "texture": "#Side"},
				"south": {"uv": [7, 15, 9, 16], "rotation": 90, "texture": "#Side"},
				"west": {"uv": [14, 5, 15, 10], "rotation": 270, "texture": "#Side"},
				"up": {"uv": [14, 5, 16, 10], "texture": "#Side"},
				"down": {"uv": [15, 5, 16, 10], "rotation": 180, "texture": "#Side"}
			}
		},
		{
			"name": "RightPort",
			"from": [0, 5, 5],
			"to": [2, 11, 11],
			"faces": {
				"north": {"uv": [0, 5, 2, 11], "rotation": 180, "texture": "#Side"},
				"east": {"uv": [5, 5, 11, 11], "rotation": 180, "texture": "#Main"},
				"south": {"uv": [14, 5, 16, 11], "rotation": 180, "texture": "#Side"},
				"west": {"uv": [5, 5, 11, 11], "rotation": 180, "texture": "#Side"},
				"up": {"uv": [5, 14, 11, 16], "rotation": 90, "texture": "#Side"},
				"down": {"uv": [5, 2, 11, 0], "rotation": 90, "texture": "#Side"}
			}
		},
		{
			"name": "RightStrut",
			"from": [1, 6, 10],
			"to": [3, 10, 15],
			"faces": {
				"north": {"uv": [7, 15, 9, 16], "rotation": 270, "texture": "#Side"},
				"east": {"uv": [14, 5, 15, 10], "rotation": 90, "texture": "#Side"},
				"south": {"uv": [7, 15, 9, 16], "rotation": 270, "texture": "#Side"},
				"west": {"uv": [14, 5, 15, 10], "rotation": 270, "texture": "#Side"},
				"up": {"uv": [14, 5, 16, 10], "texture": "#Side"},
				"down": {"uv": [15, 5, 16, 10], "rotation": 180, "texture": "#Side"}
			}
		}
	],
	"display": {
		"thirdperson_righthand": {
			"rotation": [75, 45, 0],
			"translation": [0, 2.5, 0],
			"scale": [0.375, 0.375, 0.375]
		},
		"thirdperson_lefthand": {
			"rotation": [75, 45, 0],
			"translation": [0, 2.5, 0],
			"scale": [0.375, 0.375, 0.375]
		},
		"firstperson_righthand": {
			"rotation": [0, 45, 0],
			"scale": [0.4, 0.4, 0.4]
		},
		"firstperson_lefthand": {
			"rotation": [0, 225, 0],
			"scale": [0.4, 0.4, 0.4]
		},
		"ground": {
			"translation": [0, 3, 0],
			"scale": [0.25, 0.25, 0.25]
		},
		"gui": {
			"rotation": [30, 225, 0],
			"scale": [0.625, 0.625, 0.625]
		},
		"fixed": {
			"scale": [0.5, 0.5, 0.5]
		}
	}
}