{
	"credit": "Made with Blockbench",
	"parent": "block/block",
	"textures": {
		"particle": "ae2:block/crank",
		"wood": "ae2:block/crank"
	},
	"elements": [
		{
			"name": "Crank Shaft",
			"from": [7.2, 0.1, 7.2],
			"to": [8.8, 5.7, 8.8],
			"faces": {
				"north": {"uv": [14.2, 0.3, 15.8, 5.9], "texture": "#wood"},
				"east": {"uv": [14.2, 0.3, 15.8, 5.9], "texture": "#wood"},
				"south": {"uv": [14.2, 11.3, 15.8, 15.9], "texture": "#wood"},
				"west": {"uv": [14.2, 6.3, 15.8, 10.9], "texture": "#wood"},
				"up": {"uv": [12.2, 1.2, 13.8, 2.8], "texture": "#wood"},
				"down": {"uv": [12.2, 1.2, 13.8, 2.8], "texture": "#wood"}
			}
		},
		{
			"name": "Crank Handle",
			"from": [6.5, 3.5, 6.5],
			"to": [16.5, 6.5, 9.5],
			"faces": {
				"north": {"uv": [3, 10, 13, 13], "texture": "#wood"},
				"east": {"uv": [0, 10, 3, 13], "texture": "#wood"},
				"south": {"uv": [3, 4, 13, 7], "texture": "#wood"},
				"west": {"uv": [0, 13, 3, 16], "texture": "#wood"},
				"up": {"uv": [3, 13, 13, 16], "texture": "#wood"},
				"down": {"uv": [3, 7, 13, 10], "texture": "#wood"}
			}
		},
		{
			"name": "Crank Base",
			"from": [6, 0, 6],
			"to": [10, 3, 10],
			"faces": {
				"north": {"uv": [0, 0, 3, 4], "rotation": 270, "texture": "#wood"},
				"east": {"uv": [0, 0, 3, 4], "rotation": 270, "texture": "#wood"},
				"south": {"uv": [0, 0, 3, 4], "rotation": 270, "texture": "#wood"},
				"west": {"uv": [0, 0, 3, 4], "rotation": 270, "texture": "#wood"},
				"up": {"uv": [3, 0, 7, 4], "texture": "#wood"},
				"down": {"uv": [7, 0, 11, 4], "texture": "#wood"}
			}
		}
	]
}