{
	"credit": "Made with Blockbench",
	"parent": "block/block",
	"textures": {
		"wood": "ae2:block/crank"
	},
	"elements": [
		{
			"name": "Crank Shaft",
			"from": [7.2, 7.2, 9.3],
			"to": [8.8, 8.8, 14.9],
			"rotation": {"angle": 0, "axis": "y", "origin": [8, 8, 9]},
			"faces": {
				"east": {"uv": [14.2, 6.3, 15.8, 10.9], "rotation": 90, "texture": "#wood"},
				"south": {"uv": [12.2, 1.2, 13.8, 2.8], "rotation": 180, "texture": "#wood"},
				"west": {"uv": [14.2, 0.3, 15.8, 5.9], "rotation": 270, "texture": "#wood"},
				"up": {"uv": [14.2, 0.3, 15.8, 5.9], "texture": "#wood"},
				"down": {"uv": [14.2, 11.3, 15.8, 15.9], "rotation": 180, "texture": "#wood"}
			}
		},
		{
			"name": "Crank Handle",
			"from": [-0.5, 6.5, 8.5],
			"to": [9.5, 9.5, 11.5],
			"rotation": {"angle": 0, "axis": "y", "origin": [8, 8, 9]},
			"faces": {
				"north": {"uv": [3, 13, 13, 16], "texture": "#wood"},
				"east": {"uv": [0, 13, 3, 16], "rotation": 90, "texture": "#wood"},
				"south": {"uv": [3, 7, 13, 10], "rotation": 180, "texture": "#wood"},
				"west": {"uv": [0, 10, 3, 13], "rotation": 270, "texture": "#wood"},
				"up": {"uv": [3, 10, 13, 13], "texture": "#wood"},
				"down": {"uv": [3, 4, 13, 7], "rotation": 180, "texture": "#wood"}
			}
		}
	]
}