{
  "type": "reterraforged:mul",
  "modules": [
    {
      "type": "reterraforged:warp",
      "domain": {
        "type": "reterraforged:domain_warp",
        "distance": 20.0,
        "x": {
          "type": "reterraforged:shift",
          "amount": 44,
          "source": {
            "type": "reterraforged:perlin",
            "frequency": 0.055555556
          }
        },
        "y": {
          "type": "reterraforged:shift",
          "amount": 45,
          "source": {
            "type": "reterraforged:perlin",
            "frequency": 0.055555556
          }
        }
      },
      "source": {
        "type": "reterraforged:warp",
        "domain": {
          "type": "reterraforged:domain_warp",
          "distance": 100.0,
          "x": {
            "type": "reterraforged:shift",
            "amount": 43,
            "source": {
              "type": "reterraforged:perlin",
              "frequency": 0.0025,
              "octaves": 2
            }
          },
          "y": {
            "type": "reterraforged:shift",
            "amount": 44,
            "source": {
              "type": "reterraforged:perlin",
              "frequency": 0.0025,
              "octaves": 2
            }
          }
        },
        "source": {
          "type": "reterraforged:shift",
          "amount": 42,
          "source": {
            "type": "reterraforged:ridge",
            "frequency": 0.0036363637,
            "gain": 0.5,
            "interpolation": "curve3",
            "lacunarity": 2.0,
            "octaves": 4
          }
        }
      }
    },
    {
      "type": "reterraforged:map",
      "max": 1.0,
      "min": 0.0,
      "source": {
        "type": "reterraforged:clamp",
        "max": 0.65,
        "min": 0.35,
        "source": {
          "type": "reterraforged:shift",
          "amount": 41,
          "source": {
            "type": "reterraforged:perlin",
            "frequency": 0.0037037036,
            "octaves": 3
          }
        }
      }
    }
  ]
}