{
  "type": "reterraforged:bias",
  "bias": 0.025,
  "source": {
    "type": "reterraforged:scale",
    "scale": 0.55,
    "source": {
      "type": "reterraforged:mul",
      "modules": [
        {
          "type": "reterraforged:scale",
          "scale": 0.6,
          "source": {
            "type": "reterraforged:add",
            "modules": [
              {
                "type": "reterraforged:scale",
                "scale": 0.6,
                "source": {
                  "type": "reterraforged:steps",
                  "curve": {
                    "type": "reterraforged:interpolation",
                    "value": "curve3"
                  },
                  "slope_max": 0.75,
                  "slope_min": 0.65,
                  "source": "reterraforged:terrain/badlands/hills",
                  "steps": 4.0
                }
              },
              {
                "type": "reterraforged:mul",
                "modules": [
                  "reterraforged:terrain/badlands/hills",
                  {
                    "type": "reterraforged:scale",
                    "scale": 0.4,
                    "source": {
                      "type": "reterraforged:shift",
                      "amount": 46,
                      "source": {
                        "type": "reterraforged:perlin",
                        "frequency": 0.005,
                        "octaves": 3
                      }
                    }
                  }
                ]
              }
            ]
          }
        },
        {
          "type": "reterraforged:alpha",
          "alpha": 0.5,
          "source": {
            "type": "reterraforged:add",
            "modules": [
              {
                "type": "reterraforged:add",
                "modules": [
                  {
                    "type": "reterraforged:scale",
                    "scale": 0.6,
                    "source": {
                      "type": "reterraforged:steps",
                      "curve": {
                        "type": "reterraforged:interpolation",
                        "value": "linear"
                      },
                      "slope_max": 0.7,
                      "slope_min": 0.6,
                      "source": "reterraforged:terrain/badlands/hills",
                      "steps": 4.0
                    }
                  },
                  {
                    "type": "reterraforged:scale",
                    "scale": 0.4,
                    "source": {
                      "type": "reterraforged:warp",
                      "domain": {
                        "type": "reterraforged:domain_warp",
                        "distance": 50.0,
                        "x": {
                          "type": "reterraforged:shift",
                          "amount": 45,
                          "source": {
                            "type": "reterraforged:perlin",
                            "frequency": 0.01
                          }
                        },
                        "y": {
                          "type": "reterraforged:shift",
                          "amount": 46,
                          "source": {
                            "type": "reterraforged:perlin",
                            "frequency": 0.01
                          }
                        }
                      },
                      "source": "reterraforged:terrain/badlands/hills"
                    }
                  }
                ]
              },
              {
                "type": "reterraforged:add",
                "modules": [
                  {
                    "type": "reterraforged:scale",
                    "scale": 0.6,
                    "source": {
                      "type": "reterraforged:steps",
                      "curve": {
                        "type": "reterraforged:interpolation",
                        "value": "linear"
                      },
                      "slope_max": 0.7,
                      "slope_min": 0.6,
                      "source": "reterraforged:terrain/badlands/hills",
                      "steps": 10.0
                    }
                  },
                  {
                    "type": "reterraforged:scale",
                    "scale": 0.4,
                    "source": {
                      "type": "reterraforged:warp",
                      "domain": {
                        "type": "reterraforged:domain_warp",
                        "distance": 50.0,
                        "x": {
                          "type": "reterraforged:shift",
                          "amount": 45,
                          "source": {
                            "type": "reterraforged:perlin",
                            "frequency": 0.01
                          }
                        },
                        "y": {
                          "type": "reterraforged:shift",
                          "amount": 46,
                          "source": {
                            "type": "reterraforged:perlin",
                            "frequency": 0.01
                          }
                        }
                      },
                      "source": "reterraforged:terrain/badlands/hills"
                    }
                  }
                ]
              }
            ]
          }
        }
      ]
    }
  }
}