{
  "type": "minecraft:flat_cache",
  "argument": {
    "type": "minecraft:cache_2d",
    "argument": {
      "type": "minecraft:spline",
      "spline": {
        "coordinate": "reterraforged:continents",
        "points": [
          {
            "derivative": 0.0,
            "location": -0.19,
            "value": 3.95
          },
          {
            "derivative": 0.0,
            "location": -0.15,
            "value": {
              "coordinate": "reterraforged:erosion",
              "points": [
                {
                  "derivative": 0.0,
                  "location": -0.6,
                  "value": {
                    "coordinate": "reterraforged:ridges",
                    "points": [
                      {
                        "derivative": 0.0,
                        "location": -0.2,
                        "value": 6.3
                      },
                      {
                        "derivative": 0.0,
                        "location": 0.2,
                        "value": 6.25
                      }
                    ]
                  }
                },
                {
                  "derivative": 0.0,
                  "location": -0.5,
                  "value": {
                    "coordinate": "reterraforged:ridges",
                    "points": [
                      {
                        "derivative": 0.0,
                        "location": -0.05,
                        "value": 6.3
                      },
                      {
                        "derivative": 0.0,
                        "location": 0.05,
                        "value": 2.67
                      }
                    ]
                  }
                },
                {
                  "derivative": 0.0,
                  "location": -0.35,
                  "value": {
                    "coordinate": "reterraforged:ridges",
                    "points": [
                      {
                        "derivative": 0.0,
                        "location": -0.2,
                        "value": 6.3
                      },
                      {
                        "derivative": 0.0,
                        "location": 0.2,
                        "value": 6.25
                      }
                    ]
                  }
                },
                {
                  "derivative": 0.0,
                  "location": -0.25,
                  "value": {
                    "coordinate": "reterraforged:ridges",
                    "points": [
                      {
                        "derivative": 0.0,
                        "location": -0.2,
                        "value": 6.3
                      },
                      {
                        "derivative": 0.0,
                        "location": 0.2,
                        "value": 6.25
                      }
                    ]
                  }
                },
                {
                  "derivative": 0.0,
                  "location": -0.1,
                  "value": {
                    "coordinate": "reterraforged:ridges",
                    "points": [
                      {
                        "derivative": 0.0,
                        "location": -0.05,
                        "value": 2.67
                      },
                      {
                        "derivative": 0.0,
                        "location": 0.05,
                        "value": 6.3
                      }
                    ]
                  }
                },
                {
                  "derivative": 0.0,
                  "location": 0.03,
                  "value": {
                    "coordinate": "reterraforged:ridges",
                    "points": [
                      {
                        "derivative": 0.0,
                        "location": -0.2,
                        "value": 6.3
                      },
                      {
                        "derivative": 0.0,
                        "location": 0.2,
                        "value": 6.25
                      }
                    ]
                  }
                },
                {
                  "derivative": 0.0,
                  "location": 0.35,
                  "value": 6.25
                },
                {
                  "derivative": 0.0,
                  "location": 0.45,
                  "value": {
                    "coordinate": "reterraforged:ridges_folded",
                    "points": [
                      {
                        "derivative": 0.0,
                        "location": -0.9,
                        "value": 6.25
                      },
                      {
                        "derivative": 0.0,
                        "location": -0.69,
                        "value": {
                          "coordinate": "reterraforged:ridges",
                          "points": [
                            {
                              "derivative": 0.0,
                              "location": 0.0,
                              "value": 6.25
                            },
                            {
                              "derivative": 0.0,
                              "location": 0.1,
                              "value": 0.625
                            }
                          ]
                        }
                      }
                    ]
                  }
                },
                {
                  "derivative": 0.0,
                  "location": 0.55,
                  "value": {
                    "coordinate": "reterraforged:ridges_folded",
                    "points": [
                      {
                        "derivative": 0.0,
                        "location": -0.9,
                        "value": 6.25
                      },
                      {
                        "derivative": 0.0,
                        "location": -0.69,
                        "value": {
                          "coordinate": "reterraforged:ridges",
                          "points": [
                            {
                              "derivative": 0.0,
                              "location": 0.0,
                              "value": 6.25
                            },
                            {
                              "derivative": 0.0,
                              "location": 0.1,
                              "value": 0.625
                            }
                          ]
                        }
                      }
                    ]
                  }
                },
                {
                  "derivative": 0.0,
                  "location": 0.62,
                  "value": 6.25
                }
              ]
            }
          },
          {
            "derivative": 0.0,
            "location": -0.1,
            "value": {
              "coordinate": "reterraforged:erosion",
              "points": [
                {
                  "derivative": 0.0,
                  "location": -0.6,
                  "value": {
                    "coordinate": "reterraforged:ridges",
                    "points": [
                      {
                        "derivative": 0.0,
                        "location": -0.2,
                        "value": 6.3
                      },
                      {
                        "derivative": 0.0,
                        "location": 0.2,
                        "value": 5.47
                      }
                    ]
                  }
                },
                {
                  "derivative": 0.0,
                  "location": -0.5,
                  "value": {
                    "coordinate": "reterraforged:ridges",
                    "points": [
                      {
                        "derivative": 0.0,
                        "location": -0.05,
                        "value": 6.3
                      },
                      {
                        "derivative": 0.0,
                        "location": 0.05,
                        "value": 2.67
                      }
                    ]
                  }
                },
                {
                  "derivative": 0.0,
                  "location": -0.35,
                  "value": {
                    "coordinate": "reterraforged:ridges",
                    "points": [
                      {
                        "derivative": 0.0,
                        "location": -0.2,
                        "value": 6.3
                      },
                      {
                        "derivative": 0.0,
                        "location": 0.2,
                        "value": 5.47
                      }
                    ]
                  }
                },
                {
                  "derivative": 0.0,
                  "location": -0.25,
                  "value": {
                    "coordinate": "reterraforged:ridges",
                    "points": [
                      {
                        "derivative": 0.0,
                        "location": -0.2,
                        "value": 6.3
                      },
                      {
                        "derivative": 0.0,
                        "location": 0.2,
                        "value": 5.47
                      }
                    ]
                  }
                },
                {
                  "derivative": 0.0,
                  "location": -0.1,
                  "value": {
                    "coordinate": "reterraforged:ridges",
                    "points": [
                      {
                        "derivative": 0.0,
                        "location": -0.05,
                        "value": 2.67
                      },
                      {
                        "derivative": 0.0,
                        "location": 0.05,
                        "value": 6.3
                      }
                    ]
                  }
                },
                {
                  "derivative": 0.0,
                  "location": 0.03,
                  "value": {
                    "coordinate": "reterraforged:ridges",
                    "points": [
                      {
                        "derivative": 0.0,
                        "location": -0.2,
                        "value": 6.3
                      },
                      {
                        "derivative": 0.0,
                        "location": 0.2,
                        "value": 5.47
                      }
                    ]
                  }
                },
                {
                  "derivative": 0.0,
                  "location": 0.35,
                  "value": 5.47
                },
                {
                  "derivative": 0.0,
                  "location": 0.45,
                  "value": {
                    "coordinate": "reterraforged:ridges_folded",
                    "points": [
                      {
                        "derivative": 0.0,
                        "location": -0.9,
                        "value": 5.47
                      },
                      {
                        "derivative": 0.0,
                        "location": -0.69,
                        "value": {
                          "coordinate": "reterraforged:ridges",
                          "points": [
                            {
                              "derivative": 0.0,
                              "location": 0.0,
                              "value": 5.47
                            },
                            {
                              "derivative": 0.0,
                              "location": 0.1,
                              "value": 0.625
                            }
                          ]
                        }
                      }
                    ]
                  }
                },
                {
                  "derivative": 0.0,
                  "location": 0.55,
                  "value": {
                    "coordinate": "reterraforged:ridges_folded",
                    "points": [
                      {
                        "derivative": 0.0,
                        "location": -0.9,
                        "value": 5.47
                      },
                      {
                        "derivative": 0.0,
                        "location": -0.69,
                        "value": {
                          "coordinate": "reterraforged:ridges",
                          "points": [
                            {
                              "derivative": 0.0,
                              "location": 0.0,
                              "value": 5.47
                            },
                            {
                              "derivative": 0.0,
                              "location": 0.1,
                              "value": 0.625
                            }
                          ]
                        }
                      }
                    ]
                  }
                },
                {
                  "derivative": 0.0,
                  "location": 0.62,
                  "value": 5.47
                }
              ]
            }
          },
          {
            "derivative": 0.0,
            "location": 0.03,
            "value": {
              "coordinate": "reterraforged:erosion",
              "points": [
                {
                  "derivative": 0.0,
                  "location": -0.6,
                  "value": {
                    "coordinate": "reterraforged:ridges",
                    "points": [
                      {
                        "derivative": 0.0,
                        "location": -0.2,
                        "value": 6.3
                      },
                      {
                        "derivative": 0.0,
                        "location": 0.2,
                        "value": 5.08
                      }
                    ]
                  }
                },
                {
                  "derivative": 0.0,
                  "location": -0.5,
                  "value": {
                    "coordinate": "reterraforged:ridges",
                    "points": [
                      {
                        "derivative": 0.0,
                        "location": -0.05,
                        "value": 6.3
                      },
                      {
                        "derivative": 0.0,
                        "location": 0.05,
                        "value": 2.67
                      }
                    ]
                  }
                },
                {
                  "derivative": 0.0,
                  "location": -0.35,
                  "value": {
                    "coordinate": "reterraforged:ridges",
                    "points": [
                      {
                        "derivative": 0.0,
                        "location": -0.2,
                        "value": 6.3
                      },
                      {
                        "derivative": 0.0,
                        "location": 0.2,
                        "value": 5.08
                      }
                    ]
                  }
                },
                {
                  "derivative": 0.0,
                  "location": -0.25,
                  "value": {
                    "coordinate": "reterraforged:ridges",
                    "points": [
                      {
                        "derivative": 0.0,
                        "location": -0.2,
                        "value": 6.3
                      },
                      {
                        "derivative": 0.0,
                        "location": 0.2,
                        "value": 5.08
                      }
                    ]
                  }
                },
                {
                  "derivative": 0.0,
                  "location": -0.1,
                  "value": {
                    "coordinate": "reterraforged:ridges",
                    "points": [
                      {
                        "derivative": 0.0,
                        "location": -0.05,
                        "value": 2.67
                      },
                      {
                        "derivative": 0.0,
                        "location": 0.05,
                        "value": 6.3
                      }
                    ]
                  }
                },
                {
                  "derivative": 0.0,
                  "location": 0.03,
                  "value": {
                    "coordinate": "reterraforged:ridges",
                    "points": [
                      {
                        "derivative": 0.0,
                        "location": -0.2,
                        "value": 6.3
                      },
                      {
                        "derivative": 0.0,
                        "location": 0.2,
                        "value": 5.08
                      }
                    ]
                  }
                },
                {
                  "derivative": 0.0,
                  "location": 0.35,
                  "value": 5.08
                },
                {
                  "derivative": 0.0,
                  "location": 0.45,
                  "value": {
                    "coordinate": "reterraforged:ridges_folded",
                    "points": [
                      {
                        "derivative": 0.0,
                        "location": -0.9,
                        "value": 5.08
                      },
                      {
                        "derivative": 0.0,
                        "location": -0.69,
                        "value": {
                          "coordinate": "reterraforged:ridges",
                          "points": [
                            {
                              "derivative": 0.0,
                              "location": 0.0,
                              "value": 5.08
                            },
                            {
                              "derivative": 0.0,
                              "location": 0.1,
                              "value": 0.625
                            }
                          ]
                        }
                      }
                    ]
                  }
                },
                {
                  "derivative": 0.0,
                  "location": 0.55,
                  "value": {
                    "coordinate": "reterraforged:ridges_folded",
                    "points": [
                      {
                        "derivative": 0.0,
                        "location": -0.9,
                        "value": 5.08
                      },
                      {
                        "derivative": 0.0,
                        "location": -0.69,
                        "value": {
                          "coordinate": "reterraforged:ridges",
                          "points": [
                            {
                              "derivative": 0.0,
                              "location": 0.0,
                              "value": 5.08
                            },
                            {
                              "derivative": 0.0,
                              "location": 0.1,
                              "value": 0.625
                            }
                          ]
                        }
                      }
                    ]
                  }
                },
                {
                  "derivative": 0.0,
                  "location": 0.62,
                  "value": 5.08
                }
              ]
            }
          },
          {
            "derivative": 0.0,
            "location": 0.06,
            "value": {
              "coordinate": "reterraforged:erosion",
              "points": [
                {
                  "derivative": 0.0,
                  "location": -0.6,
                  "value": {
                    "coordinate": "reterraforged:ridges",
                    "points": [
                      {
                        "derivative": 0.0,
                        "location": -0.2,
                        "value": 6.3
                      },
                      {
                        "derivative": 0.0,
                        "location": 0.2,
                        "value": 4.69
                      }
                    ]
                  }
                },
                {
                  "derivative": 0.0,
                  "location": -0.5,
                  "value": {
                    "coordinate": "reterraforged:ridges",
                    "points": [
                      {
                        "derivative": 0.0,
                        "location": -0.05,
                        "value": 6.3
                      },
                      {
                        "derivative": 0.0,
                        "location": 0.05,
                        "value": 2.67
                      }
                    ]
                  }
                },
                {
                  "derivative": 0.0,
                  "location": -0.35,
                  "value": {
                    "coordinate": "reterraforged:ridges",
                    "points": [
                      {
                        "derivative": 0.0,
                        "location": -0.2,
                        "value": 6.3
                      },
                      {
                        "derivative": 0.0,
                        "location": 0.2,
                        "value": 4.69
                      }
                    ]
                  }
                },
                {
                  "derivative": 0.0,
                  "location": -0.25,
                  "value": {
                    "coordinate": "reterraforged:ridges",
                    "points": [
                      {
                        "derivative": 0.0,
                        "location": -0.2,
                        "value": 6.3
                      },
                      {
                        "derivative": 0.0,
                        "location": 0.2,
                        "value": 4.69
                      }
                    ]
                  }
                },
                {
                  "derivative": 0.0,
                  "location": -0.1,
                  "value": {
                    "coordinate": "reterraforged:ridges",
                    "points": [
                      {
                        "derivative": 0.0,
                        "location": -0.05,
                        "value": 2.67
                      },
                      {
                        "derivative": 0.0,
                        "location": 0.05,
                        "value": 6.3
                      }
                    ]
                  }
                },
                {
                  "derivative": 0.0,
                  "location": 0.03,
                  "value": {
                    "coordinate": "reterraforged:ridges",
                    "points": [
                      {
                        "derivative": 0.0,
                        "location": -0.2,
                        "value": 6.3
                      },
                      {
                        "derivative": 0.0,
                        "location": 0.2,
                        "value": 4.69
                      }
                    ]
                  }
                },
                {
                  "derivative": 0.0,
                  "location": 0.05,
                  "value": {
                    "coordinate": "reterraforged:ridges_folded",
                    "points": [
                      {
                        "derivative": 0.0,
                        "location": 0.45,
                        "value": {
                          "coordinate": "reterraforged:ridges",
                          "points": [
                            {
                              "derivative": 0.0,
                              "location": -0.2,
                              "value": 6.3
                            },
                            {
                              "derivative": 0.0,
                              "location": 0.2,
                              "value": 4.69
                            }
                          ]
                        }
                      },
                      {
                        "derivative": 0.0,
                        "location": 0.7,
                        "value": 1.56
                      }
                    ]
                  }
                },
                {
                  "derivative": 0.0,
                  "location": 0.4,
                  "value": {
                    "coordinate": "reterraforged:ridges_folded",
                    "points": [
                      {
                        "derivative": 0.0,
                        "location": 0.45,
                        "value": {
                          "coordinate": "reterraforged:ridges",
                          "points": [
                            {
                              "derivative": 0.0,
                              "location": -0.2,
                              "value": 6.3
                            },
                            {
                              "derivative": 0.0,
                              "location": 0.2,
                              "value": 4.69
                            }
                          ]
                        }
                      },
                      {
                        "derivative": 0.0,
                        "location": 0.7,
                        "value": 1.56
                      }
                    ]
                  }
                },
                {
                  "derivative": 0.0,
                  "location": 0.45,
                  "value": {
                    "coordinate": "reterraforged:ridges_folded",
                    "points": [
                      {
                        "derivative": 0.0,
                        "location": -0.7,
                        "value": {
                          "coordinate": "reterraforged:ridges",
                          "points": [
                            {
                              "derivative": 0.0,
                              "location": -0.2,
                              "value": 6.3
                            },
                            {
                              "derivative": 0.0,
                              "location": 0.2,
                              "value": 4.69
                            }
                          ]
                        }
                      },
                      {
                        "derivative": 0.0,
                        "location": -0.15,
                        "value": 1.37
                      }
                    ]
                  }
                },
                {
                  "derivative": 0.0,
                  "location": 0.55,
                  "value": {
                    "coordinate": "reterraforged:ridges_folded",
                    "points": [
                      {
                        "derivative": 0.0,
                        "location": -0.7,
                        "value": {
                          "coordinate": "reterraforged:ridges",
                          "points": [
                            {
                              "derivative": 0.0,
                              "location": -0.2,
                              "value": 6.3
                            },
                            {
                              "derivative": 0.0,
                              "location": 0.2,
                              "value": 4.69
                            }
                          ]
                        }
                      },
                      {
                        "derivative": 0.0,
                        "location": -0.15,
                        "value": 1.37
                      }
                    ]
                  }
                },
                {
                  "derivative": 0.0,
                  "location": 0.58,
                  "value": 4.69
                }
              ]
            }
          }
        ]
      }
    }
  }
}