{
  "elevation": {
    "type": "terraforged:constant",
    "value": 0.0
  },
  "fill_test": {
    "block": "minecraft:air",
    "predicate_type": "minecraft:block_match"
  },
  "filler": {
    "Name": "minecraft:lava",
    "Properties": {
      "level": "0"
    }
  },
  "floor": {
    "type": "terraforged:constant",
    "value": 0.0
  },
  "max_y": -55,
  "min_y": -64,
  "modifier": {
    "type": "terraforged:constant",
    "value": 1.0
  },
  "shape": {
    "type": "terraforged:constant",
    "value": 1.0
  },
  "size": 9
}