{
  "type": "reterraforged:scale",
  "scale": 0.686,
  "source": {
    "type": "reterraforged:warp",
    "domain": {
      "type": "reterraforged:direction_warp",
      "direction": {
        "type": "reterraforged:shift",
        "amount": 50,
        "source": {
          "type": "reterraforged:perlin",
          "frequency": 0.1
        }
      },
      "strength": 2.0
    },
    "source": {
      "type": "reterraforged:shift",
      "amount": 51,
      "source": {
        "type": "reterraforged:valley",
        "amplitude": 0.15,
        "blend_mode": "CONSTANT",
        "falloff": 0.8,
        "grid_size": 128.0,
        "lacunarity": 3.1,
        "octaves": 2,
        "source": {
          "type": "reterraforged:warp",
          "domain": {
            "type": "reterraforged:domain_warp",
            "distance": 150.0,
            "x": {
              "type": "reterraforged:shift",
              "amount": 49,
              "source": {
                "type": "reterraforged:perlin",
                "frequency": 0.0028571428
              }
            },
            "y": {
              "type": "reterraforged:shift",
              "amount": 50,
              "source": {
                "type": "reterraforged:perlin",
                "frequency": 0.0028571428
              }
            }
          },
          "source": {
            "type": "reterraforged:mul",
            "modules": [
              {
                "type": "reterraforged:shift",
                "amount": 47,
                "source": {
                  "type": "reterraforged:ridge",
                  "frequency": 0.0024390244,
                  "gain": 1.15,
                  "interpolation": "curve3",
                  "lacunarity": 2.35,
                  "octaves": 4
                }
              },
              {
                "type": "reterraforged:alpha",
                "alpha": 0.075,
                "source": {
                  "type": "reterraforged:shift",
                  "amount": 48,
                  "source": {
                    "type": "reterraforged:perlin",
                    "frequency": 0.041666668,
                    "octaves": 4
                  }
                }
              }
            ]
          }
        },
        "strength": 0.65
      }
    }
  }
}